0,1,2,3,4
0.2778014657234335,-0.46578334796542015,0.005656769127521359,0.6457542578471414,0.36117351524695623
-0.11150113171069628,0.46141276166129486,-0.008363813602137556,0.19199788359765058,-0.25955635973338653
0.4065005519060615,0.7661854332069046,-0.3482353280637992,0.2819808605228222,0.5790256655401608
0.1288502618953844,-0.4025981170438342,-0.1149683063102348,0.2537869428272117,0.45125245620148313
-0.1724674993121126,-0.4035649063723722,0.9908933101243315,0.13269392035879857,-0.02085673931416592
-0.15863490897597027,0.009581782383923938,0.0019382447587269727,0.22884099966510452,0.0949417555874188
0.04813813181914887,-0.15212638758709485,0.1870124198345061,0.3100501498518877,-0.06626392560817591
0.27464231672663497,0.4433919222124069,0.21158574056940965,0.2812148907932991,-0.23125381012996343
0.09210060728653371,-0.5871842787262522,0.45436512732627665,0.6930500655290512,0.7509978506304652
0.1736682435653261,0.3604653316234399,0.683875998616821,-0.05733107861676236,-0.5504244019367444
0.07184132385488595,0.5534647457187958,-0.21060879848394262,0.24803589017205915,0.05138126406802118
0.017020371499703934,-0.2194543395900407,0.8081909399755178,-0.006620915711194456,-0.3605761003461997
0.08161707998199105,0.19097609597916188,0.10934232264314576,-0.5875704318454565,0.7968518273731636
0.02781576542591929,0.3586324368543856,0.1164794218501038,0.4375707328799228,-0.6016786663467479
0.3349156973261006,-0.03135135341257432,0.5158648039651805,0.5920782172913468,0.1709558338329078
-0.11555189908996195,-0.08059586540679507,0.810358240805728,0.4417158723662738,0.027384219434828102
0.2845434755133969,0.43962971396549627,0.34809518154285213,-0.11539436241716472,-0.18159482469860294
-0.0784502172597299,-0.025354046761418735,-0.9667313212234603,0.5510739640638875,0.344848676458645
0.09180496559920465,-0.0015922801722593938,-0.44762794433252445,0.7116165425828476,0.4548787218551985
0.4565573922208138,1.117451498549309,0.4379609565264792,-0.028481674667500265,-0.008010256746418963
-0.04496803348244499,-0.1761551876124884,0.8804694070488722,0.07620523104321539,0.08900502074175104
0.146982091248085,0.008565142713354294,0.16543732477703135,0.11172571207496425,0.5743319001624386
0.436218838941807,0.5752117554630587,-0.1757153315721392,-0.05426271295659043,0.8184348959989728
-0.00012193212051032923,-0.4709215151769152,0.2891290082598311,0.628308878087586,0.29916260034368514
0.21621629002627246,-0.2704578562146921,0.9434729346527487,-0.06569069685960763,0.47823059916349464
-0.04915530403254759,-0.3554967019294174,-0.1811732573531526,0.5033943509423946,0.22393718259515993
0.11920068566224297,0.12904415726750204,0.3085158317157277,0.522787355303997,-0.49590959500609266
0.3250163495554535,-1.0781013431209907,-0.1282157105830251,0.34024970407259464,1.27519567365631
0.21343745483951485,-0.03791165646049651,-0.1720984391079405,0.6948159258945404,-0.054870831263531414
0.1412515545526404,-0.24982344995422712,0.47043178226475846,0.47212985286004167,0.29877254763798716
0.7944287315017666,0.6221986609654406,0.41661893561766244,-0.08542340611557724,0.1287120550318534
0.15430396388869247,-0.16695601496154566,0.4275579548244148,0.23234471674360233,0.644022930400205
0.5819792438642549,0.2782870737785826,0.8746740710482901,-0.107576163486009,0.49002559073119806
0.5213134746562931,0.5503698582514317,0.9826352465702687,-0.2508161248233058,-0.03592804045375101
0.4785110888873367,0.5217377076855764,0.7384326577225556,-0.6969462955435759,0.03335817021814133
0.058948047583349955,-0.8694180199502223,0.5590797972971139,0.5867453084547849,0.4085424305747718
0.38373790461843044,0.06815547667746105,0.4187076463817352,0.35303604226768576,0.4696576055751776
0.16683135926158052,0.5448390899666555,0.003459873281808336,0.42431472224554606,-0.04064313665985064
0.04735260237168937,0.40975966585260587,-0.3829514050791009,0.47130591964819335,-0.4686517384620025
0.2678730462228275,0.6384231236360449,-0.061073230590434145,0.21526951370310995,0.39591518522355373
0.5969397920253594,0.5160937186051655,0.1960537488161899,-0.48843989427845136,0.5620541228720165
0.3798983803447329,-0.06721955475856413,-0.27647571303285867,0.6845582160147562,0.6635285624834197
0.12015344487537602,0.1687557245669815,0.5035894298974063,0.057075317601970044,-0.3835682646981921
0.2775168695552619,1.0653843976760227,0.5904935672718062,-0.38432241308942083,-0.35404690181217485
0.06664775481247881,0.2918374141756817,-0.07331235821901046,0.7332388244936491,-0.33193366093507914
0.1015431294164139,0.6450248928218395,-0.3365614059161944,0.03852879109129849,-0.06135449535622022
0.19557811054391772,-0.0012594803105714554,0.3740809973996868,0.5834284478079458,-0.10536935213929496
0.0869754766323069,-0.8782359484961729,0.09416578355895612,0.46396589446241243,0.4957488279706658
0.4224197316394571,0.39749371810452816,0.40842593947518596,0.05932396521845724,0.21440406845008642
0.15538468462062877,0.19566755095033886,0.38346262700924855,0.37545108735550625,-0.13417956270489118
-0.23233380661404496,-0.6423833243576667,0.5109791815346566,-0.0043302098246955,-0.03677918080559562
0.0029787597271907613,0.08255038045918998,0.017392783073865582,0.5685443498511727,-0.4449866223833042
0.6112911939028773,-0.13360716458175456,0.965449121729683,-0.09301776318646351,1.0142942243396937
0.6176921481052281,-0.6019071170728306,1.2301504765485176,-0.11562552076137154,1.2922529650170913
0.4037782534683666,1.2741006426465937,0.45568166576032354,0.0077879384016781295,0.05154266981957684
0.3368886445951132,0.49278008273164775,-0.21911589845909124,0.6245684350403135,-0.13906240287796362
0.4559229575502129,-0.00041756680865524484,0.7315122046178296,-0.11684580601573445,1.028596388867017
0.3064492734908359,0.40272077941425666,-0.22020012708806916,0.3993297117845842,0.3584305874259723
0.4175500152436336,0.4252433315393139,0.5758482886200648,0.24072302292641148,0.13281357950956124
0.351766162165038,-0.2777605838513027,0.14480115550664524,0.7682191450248447,0.4635993598693516
0.3444600979843892,0.018390598885742255,-0.253425798173771,1.0200242296827107,0.14594855325653766
0.5292269186944655,0.3316702671422928,0.8162692882427297,-0.15184795083249877,-0.013136869591907506
0.4075057407172493,0.09714497784421816,-0.9452472800122403,0.16145735392331959,1.2707223600423398
0.3203167643097552,0.48631862059857944,-0.10265897304763978,0.42899263105302043,-0.3519581392074267
0.0493865031673721,0.8027486887996739,0.3367656836269289,0.5936725302673573,-0.6152662156912699
0.2652647789903088,0.4091547372476261,-0.2728828299215061,0.4579911706855944,0.1536626828533489
0.043322504645432865,0.6246621437024502,-0.10704755699085297,-0.4198181482994987,-0.20582445391699203
0.3466598460725362,-0.42575369068593627,0.8194472517008974,-0.031097969065068426,0.2907093568089609
0.23832935803251057,1.4588776785787751,0.27226204478097965,-0.5114821503150744,-0.2676057936495227
0.13940740326623083,0.25554268652620515,-0.8393614410192065,0.8404328381922308,0.8541374488400605
-0.1621488565496046,0.735755942892995,0.8938777628193688,-0.4090101420928258,-0.5907324153437187
0.48940998123340285,0.7262758129993394,0.04236084640899781,-0.04361526770292587,-0.01847563436413428
0.2828577182683211,-0.24243033264298583,0.06548240499397208,0.26412575813519895,0.9956750823102174
0.2847992089498245,0.04097941191740132,0.33238364437569246,0.3907355563171244,-0.18734761131062933
0.45574693162694707,0.651508912412873,0.7558243486975054,0.0686270141255363,-0.17523958569900142
0.2694001490975546,-0.8275678649244534,0.7939072635372685,0.4314110409302271,0.4556863529455268
0.19463527179337736,1.2835229125859793,-0.19614050691387822,0.04667419549693994,-0.4593221244429024
0.0458311849939377,-0.17234360688551129,0.1057155665043656,0.6893345768098927,0.3026068000402479
-0.15816997675062922,-0.5641740059026508,0.3483045743614925,0.6735162640946503,0.398792860102523
0.41216495775740736,0.2858147805090304,0.03340098748210838,-0.29985754753306254,0.08718638633976138
0.31976825074790366,-0.32459375572951615,0.107773692609315,-0.35127554214399126,0.8361558445504603
-0.03622441544294828,-0.5972819782791994,0.03044710535034506,0.8844997424063981,0.3733887341133501
0.0471456741551837,-0.8201570097113268,-0.2864005373906226,1.0222129670043367,0.26197857449287393
0.34411444434955113,0.27218626939231355,-0.9603838923504568,0.4635590406857104,0.663459853256555
0.4470734099880056,0.40317923717494575,1.1878657503450767,-0.1601931453717552,0.22745325616061082
0.5634484944533945,-0.1762413477797433,1.7890620558111476,0.007143899873500802,0.0583965449839305
0.0032536468022171545,-0.022422017306770677,-0.010837622882787954,0.4426048650740795,0.2778415047459605
0.14223662895378153,0.9617373518808803,0.4357311782146189,-0.01945198101052134,0.0025318931623152592
0.29614678349150464,-0.051642783854313985,1.20553763421757,-0.15749328408704044,0.798686614757935
0.16735648149899335,0.5227250309426023,-0.031476928135913906,0.178359358563874,-0.006720290691591026
-0.08505100747603428,0.810458145255371,0.6975776201947781,-0.5556400835108198,-0.37598329082074927
-0.009759008286099543,-1.1055596207007128,0.03419115656571861,0.46774928993918763,1.0984520701887335
0.05913297176571872,0.20330508983779788,-0.3382044450365823,-0.03810799992590476,0.04449466179815829
0.1456429068703561,0.10022033094714823,-0.05822102856517142,0.31191231508020434,0.11198237224326503
0.42906924334746716,0.5326006994650712,0.19671276523489936,0.04559138999620868,-0.4581302002162276
0.032265224803190176,0.5575632053784032,-0.24533807918879963,0.08041467938511546,0.21667293113793132
-0.017196671382901135,0.15585272775395526,0.07729694462502788,0.6967507333307398,-0.596572281165746
0.6067389215227385,0.3087327613803835,0.59133743136687,-0.21478115730871397,0.9010826963413321
0.24072288557707647,0.32596126884479343,-1.012010734038356,0.15212239845499723,0.2567438944605456
0.4837530513607903,-0.5703201021552,1.1510658980695123,0.3893584272449221,0.8388618065400003
0.19951610866970662,0.33494757166142103,0.7180174573874948,-0.4639888352254162,0.14937571223700227
-0.34235432998509296,-0.2391923587297506,-0.283270824248402,0.7190094364697218,-0.09292145652601537
0.15846742092672916,0.7300121421779664,-0.035319038017759194,0.26635145893117745,-0.11007097937408097
0.21376670814832147,0.1469358261002014,0.23039716303705196,0.06229880607589171,0.28724135783683435
0.4386918359070838,0.03729252905961039,0.49792165670488403,-0.12937966898202302,1.056267793403925
0.6608694692908855,0.029131089692481,1.0648241101417364,-0.758612790796653,1.0344331732420808
0.25569188538278176,0.6907292803830242,0.8657540859891224,-0.3198289534462717,-0.052783336608312734
0.12438394985954677,-0.010110100593698533,0.6130395086980821,0.42080357675219765,0.08053404046718482
0.4140520444129152,-0.665073375739009,-0.13395521475037356,0.16306860526014147,1.2258478885836979
0.0957608007605572,-0.5151063370398804,1.4410423095247762,0.2502338120794838,-0.27181436211392895
0.5370916642891659,0.313217112072441,0.4066503466289352,-0.34002856411481525,1.0171785468998047
0.553127091231327,0.5453402130324007,0.790205616271219,0.12536158595797856,-0.21228727356954416
0.4713825400066143,0.6023188928729458,0.2974820134884793,-0.40885632191483934,-0.13522595815480884
0.25428961412015094,0.40194299891859614,-0.17842775609225256,0.16045847803955882,0.22736184328352316
0.32483414826503343,0.5519591646216341,-0.5434773960399304,0.19607879849571327,-0.34987128164366804
0.25561528602456685,0.3752304608856446,0.07564164337338185,0.2723619568701324,0.27153742159086547
0.13019378518143251,0.3964906698796612,-0.34075121908980494,0.6002570195346544,-0.2717761754188072
0.46518487161714367,0.6524463097637395,-0.359965554636975,0.2861350035535973,0.3437586142020528
-0.03412531784568652,0.5048715933862388,0.2755905836187923,0.3795577724700122,-0.11052499437799283
0.06629551154120684,0.1675269258251185,-0.19927984362693596,0.5155257731745316,0.06631746867577377
0.6961688148908411,1.3185653938998614,-0.2771013818355298,-0.2744708352435297,0.3387329440371097
0.4361989382272664,0.8813194981428131,0.6937939982794836,-0.3498190947393851,0.06284425542154025
0.1327694619576057,-0.5129420214984163,0.6211702493199376,0.2598637547364202,0.5484578055020377
0.024072679344729748,0.4681467770695828,0.4208541025667305,0.033939871376585155,-0.0989303603762558
0.09572543984681033,1.141505653609502,0.7551408392366055,-0.31791756671351945,-0.3427304959558605
0.6665438990097639,0.8502336830821134,0.061395453408795174,-0.15351206178779428,0.7030309866379639
0.5341493437770106,0.6687294387501618,1.2066556772513684,-0.12485965633884215,0.17423169527505084
-0.0012056441653638776,-0.8220420389315756,1.0658724560567145,0.9220239245492126,-0.36043943584288973
0.38686357013595146,0.17548839426305857,-0.674862007533569,0.28864434778509673,0.24043458781651347
0.4998785126035265,0.19112713503778886,-0.47183240259995013,0.5856365890033562,0.126641573708253
0.22198572088889962,0.4392454721642753,0.42257528277087747,-0.13043147800802107,-0.14063492536331026
0.23780323398172798,-0.2545256933849421,-0.03466376166444135,0.3647314299090296,-0.10769421552540484
0.35786095257241624,0.506289479632028,-0.2529992407603829,0.10755092580664964,0.550323594210171
0.4385839337135348,0.8041172587030707,0.15127348757776551,0.1810854177963816,0.32039327268951107
0.0029778985980905633,-0.2725820692498514,0.43831528750927223,0.9791695286038512,0.10841716844870826
0.6061133258643193,1.3518048842114865,0.21061398314066782,-0.27430198190508,0.021720154902449294
0.511087297400497,-0.27300738995258544,0.28102723181074757,0.11885696318998284,1.098021188819565
0.005880997572910226,-0.13368472809720439,-0.43234859447922364,0.43634664462603145,0.48473369253786636
0.33110624132561844,-0.1331326444626262,-0.02564798087394451,0.6981696503829374,0.580720104576792
0.4879944486652102,-0.364910894150421,-0.18935310435071614,0.13724877796359908,0.8442006981124781
0.2516375148852258,-0.031281326348227625,0.8478526026055143,0.5922124094624811,-0.013641275262039591
0.3228612724164336,-0.3343129769831884,0.6303926288908981,-0.17132009653615327,1.1312537328433119
0.4506074408813183,0.40440682107466736,0.49141736524126817,0.10541422846255755,0.1896552088946183
-0.027857647988215595,0.355619264788793,-0.22724553028157668,-0.06739435852349943,0.44183835298922497
0.319129249785919,0.9076267877283342,-0.2990565537815293,0.6767364374290986,-0.15868142597715157
0.43476998870634953,0.21477576623441172,1.0250662375084376,-0.2659668948175165,-0.03057522149124399
0.40500230995052094,0.6873404919761972,0.08888656348337184,-0.047848602804283505,0.7149998641463136
0.1266828367332413,-0.05516994238046713,-0.1913837477870029,0.7064583627083127,0.1610745431976983
0.18567705582150912,0.43759969866324644,-0.3697195960093385,0.5999916557270825,0.08930226632230998
0.3182800891077702,0.44134312261349956,0.207662678890537,0.055905732155414424,0.5501528102584963
0.3701066558332827,0.7871024055110728,-0.12880283339107904,0.19567340435086428,0.272808508044026
0.25065811357517237,0.5993254865252335,0.5013602193341847,0.4915496283362492,-0.5660499065000114
0.50403250355672,0.8528667641144029,0.10446508882788388,-0.16359646941810785,0.6069583116651849
0.2167021589003715,0.3446629248712407,0.36748263125044367,0.351655180204523,0.20507115057800132
0.10447588327475793,0.0241249175670789,1.500427113928292,0.02844451174167413,-0.6532049755009155
0.11196402715256157,-0.09650652197885239,0.17606796031747876,0.42707430727269907,0.2736915772714147
-0.1450975036152287,0.055612638378153535,0.20355118813938686,1.1849174990304294,-0.6539952445429793
0.21369946188625627,0.6257078632336746,0.6950669211939483,-0.038525458447339574,-0.7428151686880063
-0.05324806921995766,0.8643186944464054,-0.4502922527961713,0.3909228967902438,0.048088306749960945
0.11995151079619511,0.23677707438690632,-0.1199689342402594,0.9796494216718753,0.8082273874707238
0.1907389440316747,-0.21672712485285173,0.14583028160984565,0.12742530247042164,0.013052861680592805
0.2585055277061152,-0.5467897111094973,-0.17655623100257734,0.4003574263735805,0.7488869460094424
0.0022382044355707506,-0.6990451971573584,-0.042327582666571516,0.6432728509884718,0.9746875987004086
0.2174837873636548,-0.007119276204395498,0.7847036627619947,0.2056652753236367,0.3712332687392612
0.05992677235412857,0.46036335304341447,-0.16306820732905344,-0.006455159975813177,0.1489934370848301
0.047912625673329566,0.984827484461263,0.48353889806070754,0.5729119426325064,-0.9526115815711437
0.5171710524275199,0.13910102969120788,-0.32419517388580216,-0.34630507840713254,1.467039398098622
0.891471979915351,1.2112157696133794,0.39527576208275983,-0.6478878634568246,-0.1758623430096454
0.3887899673845967,-0.10073038383842679,0.1416076795135837,0.14663946152054913,1.1115715423143437
0.28278191837397343,0.14319865241621185,0.4957743245244958,-0.13449553809655193,0.20696343884399682
0.12168449558387455,1.069785747704131,0.23269187136560196,-0.12815806612475278,-0.3506815993773634
0.0688289015859373,0.7041703088552538,0.042767960170195775,0.050204173324010386,-0.22561219857347667
0.21997622644261944,-0.5449946697634397,1.052324255265642,0.5123864879490155,0.1306674957686457
0.5190423834999504,0.7751451665805816,-0.5786840913014746,-0.05587586364803499,0.6595300976228685
0.15463544002474117,0.9471911257621236,-0.09444008133698091,0.029317467654620268,-0.192231281858496
0.3209733086635207,0.5889416160038932,0.006804124809837403,-0.45941454333147086,-0.012416964784700097
0.19612898015715297,0.15013465267928974,0.29664965151024364,0.1470749678202783,0.43381492494157275
0.40071986902870077,0.4102104186387344,0.34206220246070873,-0.13367092368191388,-0.1951720397236584
0.28041394557488447,0.9946582103116959,0.29652740664634003,0.717613746725661,-1.0861287549990237
-0.20440534626008694,-0.39040581105445793,0.20870947535358622,0.7080131940091797,0.2506813881326911
0.28455789158022704,0.0243772763112187,0.4656004031877652,0.3971375803913289,-0.1513034505660879
0.3341380144728984,0.06966144489690229,0.1150799897461363,0.3538984060504076,0.22853636257547888
0.49281645108327704,-0.440551066926396,0.527370698065464,0.37134620982165895,0.3076513729382591
-0.10157767240747285,0.8519150961242183,-0.3633879094350499,-0.13154324351583846,-0.34415438858727126
-0.2113747491491807,-0.37048857275474706,0.9932378344864191,0.2528128486772551,0.35261684767435675
0.4096868199933859,1.0338698773415562,-0.7085471775981819,0.5427698353106672,-0.08314264215140726
0.17352968173500652,0.33083304130134455,-0.10149906617648188,-0.011717934053992013,-0.02462355634956929
0.4170178216862701,0.03381837190111039,0.7389193162907258,0.358458794574746,0.5522307568047778
0.07318935532779437,-0.12215466028209544,0.765526915414107,0.06539884386783913,0.05401642432048973
0.1506346371273186,0.020155694848121405,0.5201331794031091,0.14259023773547344,-0.2957736364671659
0.5464761199314883,0.15065642347015007,-0.49387807208013634,-0.4862844368962959,1.3212548665151507
0.05781796797100196,0.1879581450738429,-0.30431456661704653,0.34359530114438985,0.4728793191635346
0.13878298361589553,0.6168578980298349,-0.5295813207434362,0.06522719672953159,0.24130975764674442
0.37319561612078817,0.8246573268256947,0.20004659564540636,0.2848668044536955,0.1911402901414461
-0.0008163013738634449,0.0455659288280627,-0.4273378286661141,0.49153498873191015,0.31071152142635733
-0.03920230551417363,1.2757855673760958,0.11885559279897327,0.6994071524997566,-0.7882030012784267
0.3716069266353742,0.5018255058120006,0.3779258609441241,-0.27438909519739324,0.092207949652003
0.5808864901293523,0.8415915163999584,1.161200909620046,-0.2536007128977913,-0.31652244439524574
0.1778823671073404,0.042657137977910604,-0.3019140009560518,0.7172577628352568,0.03855044826529363
-0.006190078739571485,0.0038340937784197655,1.5460228406574807,-0.11755397746345066,-0.7072798382228537
0.43139838370167616,0.9309445399493306,-0.09738205207223596,0.1316670417760488,0.06917080228925107
0.30250694060177813,0.27699858480897854,0.6678275882449906,0.21906399235076116,0.32347087268846636
0.5843920018111777,0.7969349520600695,-0.23587016709298897,0.12095785488527994,0.9679082058527829
0.22582329054776887,-0.49126855733791636,-0.16096175596981566,0.2968829665422849,0.7581621433287804
0.5437342790759806,0.012534430460844289,0.5220350947210315,0.574299993932635,0.19178070675417921
0.6410765245433221,0.32781410870035005,0.5138248960381316,-0.4424469598573864,0.8119382184608813
0.4696093110464602,-0.12248884295185498,0.32705506470773543,0.05880965551976326,1.0468684802091277
0.26119049234198355,0.4305876016692209,-0.20401778480126534,-0.27403795268614106,0.03271994303663626
0.11325789047707768,-0.3407773650113436,-0.5393737738636117,0.6283129444904211,0.7508601025723409
-0.2771809647950229,-0.7367143758994319,0.6834382000434694,1.0141750485510095,0.08397773501072443
0.165817935098712,-0.9942308864704273,0.8943905980162559,0.22629386538643295,0.20873721127602127
0.6829570638114076,0.0007763742617895388,0.577236443090906,0.09739525443192067,0.3999411187887791
0.23659902122959722,-0.2594455161042133,-0.2726472893300358,0.6199315540181839,0.5038074598286015
0.585781359269839,0.193079714980531,0.5585775693276157,0.07691018502034573,0.8962360494214376
0.19142310645063249,0.9217725098654077,-0.583187165614838,0.14738065366241215,0.010940805618047387
-0.2808233290368611,-0.8971318738380243,-0.3300202062217798,0.19728946908059705,0.6863189888038282
-0.20337722444589204,-0.7044140901398057,0.32947095659357056,0.7253812681315448,0.16716483799119128
0.045802176399462505,0.7149314601980334,0.16912269966278431,0.2513513336680872,-0.32881735211778496
0.20954182732136567,0.11314649213988859,0.0713951658961379,0.30212549868568467,0.5703839668074485
0.06363536681245575,0.4253629855175128,-0.07078506186210462,0.59546613189817,0.18135124085908738
-0.13264899618709186,-0.26933976884761385,0.07626044634041292,0.6320237288742221,0.48786515560482313
0.18202439278130172,-0.1908466913847495,0.16672691830816178,0.8841512841367372,0.19878583173421707
0.3310736891344357,-0.0294953454810163,0.4349295441502935,0.33735088810909686,0.9377082736737826
0.39424210397743403,-0.9605071428388671,1.061387288343593,-0.11522811126069167,1.370223070256325
0.2753812803645179,-0.04004282427286046,0.19559115757998738,0.10073742163649592,0.5436586302211248
0.0842568046286459,-0.19073858346835737,0.3013779951019245,0.22407984747270876,-0.06984206652512703
-0.30168490640367784,-1.1656639653284568,-0.07086264075416664,1.1412367209869188,0.1618993795586302
0.09659556501521503,0.4264581878717016,0.7197928090059208,0.432219731210373,-0.9466084161504291
-0.016805271924949537,0.02440763598798981,0.5622544049987247,0.6392046677568956,-0.17040044637944116
0.2336590969970727,0.16884626551770526,0.29809044264253887,-0.07132831855643758,0.23533900542857641
0.19333978021013037,0.2874210382346266,0.170760945821161,0.3181892531419558,0.2561739617427391
-0.0014444516094962974,0.8471723062756119,0.7946134780705221,0.2225884386445272,-0.4994117214777956
0.17444997003929677,0.07590264710165491,1.191872179711794,-0.08913337965186782,0.15684784963617482
0.49101137188513055,0.16382367665062558,1.0516344596818106,-0.032824827934845265,0.0472606515956018
0.11111691664668208,-0.592336338416636,0.6517848922603483,-0.0323964016143398,0.6489365375935159
-0.05603017561069289,-0.3536566813203455,-0.5955073636420495,1.0288131594192822,0.631440247578599
0.4693572308052749,0.5147710398438975,-0.1849778126120109,0.053944760836646066,0.3452662990948108
0.27958387490958303,1.0710510461204525,0.034942171502783954,0.1462727270489621,-0.48638337441475604
-0.013848481993338458,0.5438591491237728,-0.3280330978617525,0.7723562254930036,-0.29580711865800025
-0.20944955056037692,-1.1844702405183285,0.40089714448919445,1.227933019432545,0.5097145556180168
0.22087762694634577,0.04654295904766804,0.8778550816339271,0.37517808295140814,-0.3873183098683642
-0.11202070377764572,0.261535638235009,-0.2916839361740753,0.3943209450467042,-0.49319662746961807
0.29030646728295373,0.12518567620154025,-0.12469942851846194,-0.260287912303501,0.5863894336358265
-0.09826456466611176,-0.16481748813647906,-0.09744511861127045,0.9176927544467499,-0.4687481045714833
0.4702918869032955,-0.22180987645515918,0.7262145988685966,-0.42779093524464595,0.896958341329083
0.2183078576059279,0.7943269409996997,-0.05516843872138561,-0.510357939770181,0.37703885050489294
0.20689580451922068,0.6662249915811944,0.10705453716100392,0.5177114985949343,-0.4260415700934703
-0.031811152024910375,0.6751271742775009,0.583715836111909,0.4534464589127601,-0.3731203727919863
0.3574590228525631,-0.08743431843799572,0.15223913607251136,0.2827231797980659,0.5272695463593816
0.3157454452228294,0.8652917635307208,0.18004500897314824,-0.2189548669381469,0.05571799469256604
0.614623989105948,0.3928386615304538,0.1644820241786043,-0.36239525175601267,0.1346054071360992
0.146667344405819,-0.024965866785324763,-0.8982888987679767,0.5356136477538884,0.16928608951071092
-0.005351624065983437,-0.3111608041997714,-0.022132926585769316,0.7482671007536381,-0.1776422444431137
-0.005230367437812772,0.6655684013095302,-0.2050182694480616,-0.05159230837609222,0.06790244156573526
0.21234324371199406,0.42058764340068494,-0.12706222586249297,0.35412058123736384,-0.27149781098215414
0.26383507925257016,-0.6605401870780722,0.48451405465682423,0.09044685509556206,0.1424250755873773
-0.1083602250777246,-0.23061185586086067,0.6669330191679418,0.4009054133390166,-0.4337114052586934
0.2764011153892134,-0.10382215384350264,0.29750290790470635,0.27594089983358155,0.7338416963920651
0.1281042853141861,0.30525197947620597,0.2605822119092374,-0.05204151787870672,0.005883728366319646
0.277344878243677,0.7921211453257221,-0.4883508391296047,0.604827653645698,-0.2592898015631619
0.1184085026752189,0.1087483240352309,-0.15059339068166822,0.408174155546369,0.2742289639660737
0.16601291913941815,-0.1086468768514298,-0.1967041979755939,0.3805724512190734,0.7966209652692425
0.01171282252202328,-0.5573273194263055,0.6350790062957292,0.8466632671219575,0.32031325391496407
0.43792625233256666,-0.6490458762349256,0.5027834750974964,0.5432580369826218,0.9983773788216572
0.22526039910975806,0.6156972681253944,0.6865743724515238,0.31178794209690047,-0.4436481416976708
0.2546487526561589,0.2549582876716383,0.35773034741872456,-0.0025946811483499874,0.3425334992745647
0.26078860338879106,-0.25816497347437617,0.25736593771481164,-0.003653371262092376,0.7212422718881227
0.40113181269794135,-0.0466277149713117,-0.11784533252042274,0.43091975288387246,0.26339159734326456
0.030568520159434703,0.45228367687154886,-1.4212673489668104,0.7372285137118909,0.2752066044624574
0.11925396501773934,-0.19013435756825492,0.21957969828637064,0.432429892572669,0.39598136654786187
-0.016204763018674698,0.5754028592083286,0.4973347201990962,-0.140958905800768,-0.7689773165645292
0.09639297312858601,-0.14115345681705316,-0.03412506326779513,0.5651812357025756,0.5833079388529296
-0.0899955420629381,-0.12075861467545895,0.2232537944366441,0.08955731929549358,-0.2326111913895948
0.39966987479268484,1.1623388172987918,0.25532768539829487,-0.15606923016931715,-0.4543808818673559
0.01611996269276895,-0.13183773057058873,0.8885877735986234,0.152909363290615,0.13162379996933524
0.11000371071821219,-0.9320304243424512,0.004553434230562352,0.8590023563799952,0.2899716340585813
0.3486923088708355,0.3687973883266735,0.565647320860598,-0.027485265537546304,0.14188657764520762
0.30153942905750686,-0.19996025210508273,-0.10879281853993115,0.21793456379780238,1.1171609097621342
0.2957367990187492,0.6534034054444068,-0.4539133407930691,0.31290710193725524,-0.12987990091447105
-0.10265272159044633,0.7596807390507375,0.3885581759626741,0.5322934122857813,-0.45190824091008164
0.3963169729146969,0.41074324511482624,0.7645490851290764,-0.2911227291717087,0.381410881758849
0.2622402737380826,-0.061103937600884374,0.7389150896067261,0.5770072315455674,0.3348385514677662
0.374237457113,0.4294958455965927,-0.26126782175930613,0.43707245479512985,-0.06537534785242065
0.10197372560663333,0.2965857868286487,0.048875277840609764,0.15500254887161335,0.12306286458574808
0.5490621823495242,-0.4372197528806439,0.3832817776679358,-0.26999620452417034,1.1375284184587227
0.18004277768155486,-0.20340787623984352,0.8126331502185282,0.5195511738073773,0.4693443156650406
0.1423844581999909,0.2111513965633689,0.2908969963897865,0.5822237448512048,0.4334132344751401
0.12785879985039741,0.04161978962669499,0.3261968365628929,-0.2563531155804719,0.17986362887757704
0.5914050615380357,0.09166079675117032,-0.22865048372576294,0.1363472602662858,0.9381468710411138
0.04951729107449886,0.17123105105946196,-0.31351807463898795,0.7828767788958363,-0.12939470892633398
-0.12782931313629567,0.055478607515267155,-0.27929903344237783,1.6147015097745863,-0.357296323700445
0.1378980418981865,-0.7755465649168917,0.3990088595296113,0.7142255895692726,1.0627408881163503
0.2774258934400288,-0.5636096592359388,0.3254821465458548,0.5695220908387919,0.8801874745155142
0.33841013942728193,-0.21708829964556345,0.18595989814460848,0.35748556711667706,0.5208898073308513
0.07818650768027062,0.9378386699623178,-0.01747067771385767,0.7066627744177767,-0.36458907089063725
0.3462382476473099,0.3719319796808913,0.33795959091654665,0.27340538520505825,0.2151356733084176
-0.12573892155558328,-0.44437457801691915,-0.02720046035889774,0.7726853300855226,0.08096512057306891
0.28457005890956466,0.5712850943435285,0.07629679202406328,-0.21072757325615332,0.13682041139301196
0.031707189991046277,-0.08499300143106425,0.5203540102606512,0.3636781017208445,-0.18183953124641744
0.19017194292116596,0.7134943221749778,-0.3776867408947116,0.2562930738698455,0.2674263869880589
0.2266841163943953,0.4938969265840254,0.5381185370651159,0.3626402314346209,-0.3768164217779578
0.20922771188599396,0.13840751711190236,-0.43264491903456637,0.753677540237929,0.45070861219340574
0.024889216368822572,1.1597262118728187,-0.09403240643268675,0.006833198724473726,-0.8192939769962535
0.083187072528355,0.15226329808831734,-0.152415078971107,0.489944810356709,0.34799571092529014
0.3146598262631078,-0.1319061959413009,-0.1709356756040389,0.1849005150672608,0.2778787759485413
0.029208776546617365,-0.23982076571691108,1.0348812143338852,0.7294517566774857,-0.21614681561566348
0.6429789359724853,0.964180528672008,0.07502173534804099,-0.35983260773497816,0.36807086712965303
0.2968981251711443,0.019794643202160813,0.04398640930381031,0.39231276089464484,0.8026687577528889
0.4215873528430724,-0.20705370961063657,-0.25463939702943666,0.28016670566340235,0.4995791256395593
0.40664324071133434,-0.14653822822144028,0.41278536908466573,0.16766832990760358,0.07771086534716008
0.00020806902022131493,-0.6157601981899142,0.4378903477566162,0.3070935633604201,0.41455584790832073
0.3669995961123839,-0.1881174604862571,-0.3195097816283746,-0.19794984140317506,1.5802838906101102
0.062357395906077105,-0.7538255832599369,-0.25237417501702797,1.03389958444942,0.11359893079930757
-0.10926673537588068,-0.7823466575232042,-0.30000165150530483,1.2294483747864275,0.6180395646011237
0.5075353054414092,0.2541817653431851,0.5143086546450562,-0.08033895609235057,0.8790594011402034
-0.03264229486784758,-0.1427834154796097,0.08004719081189413,0.7615205594223518,0.06697314129934431
-0.03378453947131621,-0.2079415811317836,-0.15547345899480366,1.020587254231439,-0.24109912369728093
0.3378759564503518,0.8739579469496769,0.7598803794337893,-0.050698265747983175,-0.19273597717267255
0.21143456448025919,-0.010871316616197009,1.3567604515008544,0.12772754106310055,-0.35909449364784585
0.46620184378295076,1.4880407670472668,0.3101651548886408,-0.2757066108108878,-0.37738379198207517
0.1592864799261706,0.8148964714975904,-0.5422937937752609,0.47601996919575656,0.1581604891956922
0.2069984848947368,0.3721035286537949,-0.20045191176265417,0.5889441018572084,0.11092532123158985
-0.06175221581507812,-0.6455191997787489,0.08246646299074478,0.698282547426442,0.34283817117360904
0.08208832504888362,0.3122253807616157,0.7514713058427867,0.9019566349475996,-0.3525935489625535
-0.029910661044810074,0.27394956088200767,0.4859137281388452,-0.07803351679504468,-0.4389077205739177
0.4544813148238437,0.9090901216916983,0.39048955233440136,0.07853196047925122,-0.28299459599534943
0.005659279190115618,0.0033324428079073262,-0.1452346741803231,0.30292311338018485,0.3632706606646031
0.06731485745979147,-0.27708548311192865,1.0194029333711379,0.2874834603874082,-0.09777211985437727
0.27620545431603166,0.8464795325520524,0.23140682672647758,-0.42037451217459865,-0.2867720185325566
0.04528589326808997,-0.2083823394211635,-0.6848024977729006,0.6962458715464724,0.3441082650164736
0.38888806639381396,-0.43586121403146383,0.9336376390761517,0.12404691499757822,0.8590362159903798
0.5220133230567043,0.5835768666223599,-0.4047493811795335,0.5732109639706824,0.7457702294650023
0.1875567628254769,-0.3475532282028912,1.3698843942715986,-0.10617015784388364,0.45512425114647087
-0.07272669896341472,-0.4949983439759621,0.7549330404800185,0.6121786595047625,-0.31416678782011925
0.31401968136864084,0.3550365459734913,-0.6618242173022576,0.560798985911587,0.2803567506730114
0.39277702609405146,0.47994947093123264,1.1583174786594952,-0.1454879004659728,0.3611873830213834
0.26550735532160186,0.5050506732708834,-0.4132598479115352,-0.34897229071451213,0.23704098702897128
0.40618026585755174,1.1119551017456175,-0.33079887900187555,-0.16097761070243738,0.16457245713956029
0.12809608381429818,0.04997188399752518,-1.1686790091917445,1.0205872774373126,0.2856235777847849
0.1952140302684904,-0.036968118105073784,0.011723406853398224,0.2194912812139055,-0.021238369586537804
0.07554151199597352,0.3557706186488544,0.21136909654079963,-0.2621844253398341,0.075791856476812
0.11819100196150313,0.6139909154855885,-0.04075815264940291,0.29359839352705686,0.06682655419814368
-0.06394111406477998,0.0695403724576306,0.3356302570284896,0.35005546124733344,-0.32721332508029954
0.1703475488856796,0.6669366109106813,0.6346215826369057,0.340328725215145,-0.3707349468260174
0.31090723699395434,-0.0077443514805128335,0.18636330974351148,0.32414799592618954,-0.01823778561092366
0.06498345117551627,-0.32966678264531407,-0.045683026607763015,0.7135460432078234,-0.03885073439739611
0.5192013197182506,0.8544307206686206,0.46594957217258365,0.007931388204069922,0.37299120166571637
0.3040799227020813,0.009865791663572416,0.8030926774736405,0.18045076432254586,0.3477351501566181
0.8549289335268585,0.3060543643944462,0.28904707829255666,-0.49843883758840873,1.558887741990231
0.2889596295414476,0.10907251577064957,0.5923289357819169,0.27757981914344065,0.331571446645863
0.4029841409464047,0.3386670314176916,0.7838223974131824,-0.0016796986957546415,0.9019918102725493
0.4950933209548089,0.33152538369811174,0.5462321404789874,-0.3687164172384902,0.37543128364929335
-0.02860074485399296,-0.35633848542278174,0.4605825915779034,0.17309789813994372,0.2878693456565745
-0.016874967729645515,0.06827048273862557,-0.15191270105865645,0.6986929915763714,-0.1227568736296141
0.3249587935529108,0.7854594696980263,-0.39414755841978905,0.501502125849266,0.3112008824327085
0.3607742343216189,0.19178575796317443,0.9782582548253946,0.18202866998617317,0.3229382927859797
0.1831151627640546,0.12344479125335688,0.5260147956603551,0.2782543314229676,0.41227895985239266
0.5172664760892492,0.3657125742227298,-0.34115574032949425,0.2707677033046681,0.4547622900801648
0.18498136551313663,-0.5924225696953533,0.08109313639840525,0.7052048304338253,0.9869612095699661
0.4004395968830128,0.2537411568530632,0.7935777569972503,-0.2824400696286131,-0.39888799774308475
-0.03665640930275495,-0.3345053353668561,0.891106195077068,-0.5296929303314489,0.6697205743078202
0.3702452645113641,0.3509629387188015,0.8142762199308421,0.1664730499413273,0.05007400478163262
0.45383662874607067,0.5297446528309963,1.6866228537613985,-0.5419924629406427,0.03850147362066527
0.5813740238083247,-0.046333019446721725,0.7915571011610228,0.37491811246334344,1.0083601428110205
-0.09874555299451959,-0.2275690431348792,0.683078779658588,0.3023065652340234,0.19251477901924177
0.5796913879753552,0.6375422371234418,0.23299306494366442,0.03484973255857257,-0.04845077255058662
0.24293514627861604,0.10986334262996737,0.31366643643277275,0.11765119291397967,0.6694988762140367
0.050338902164185594,-0.6440707964947234,-0.3096526305838251,0.22353446768457028,0.0340666128951977
-0.20270416762088267,-0.15256798048734288,0.2824865194470962,0.18145538766284908,0.28531138887901236
0.22839515989880038,0.47223731209229625,0.10080180558168007,-0.10567700691878903,0.49479251841497335
0.23631019398450728,0.5003688974362233,-0.6840258240504674,-0.17996394011207725,0.09449980932555352
0.2877738451324178,-0.38438271126824214,0.305706221063408,0.6419168712558321,0.2364178186371874
0.5760216224728754,0.17383253108807445,0.9207470140627763,-0.26117520974178116,0.5486420022535899
0.1184889690913902,-0.364453059611271,0.3809400285803479,0.21258148037890173,1.297239573138266
0.4945594327776321,0.3062302199966337,0.8764403309234133,-0.2812060906977377,0.5081467429041092
0.2229690091482939,0.2931851865822055,0.9893964015765793,-0.2599270286691154,-0.09566211429684018
0.26467793217950614,0.43647280184528114,0.19671141006584217,0.2401952965191718,0.41213687722488057
0.28324165662301376,-0.8697236796686602,0.14006273627305957,0.43910856827283296,1.0096324354440323
0.29682796220368074,0.4275036207603936,0.05094168403130437,-0.22950480510801538,0.6282992505794665
0.3559921386354109,0.41296464984416753,0.09783093846145763,-0.00838324845446264,0.41324909332069854
-0.07076680337194644,0.5089676169417525,-0.6410153760435797,0.3161425273311145,-0.4643382439153773
0.30549363266395746,0.13559139359242373,0.598710436879023,0.3906670822659196,0.07283531900597656
0.04363758601107401,1.3295010189219507,0.3353636412207844,-0.035606755237411,-0.43528464985864285
0.006697424697107282,-0.4365095436798384,0.5631788387366701,0.5026030268858717,0.6272622374942644
0.4066968209707305,-0.4816543512256531,0.4765012157613349,0.06754002231938222,0.8040657831713947
-0.11817943032005741,-0.3041909501697903,0.4562793170990493,0.557232797177157,0.006622773791463511
0.4104511462021077,0.24198056712560884,-0.35602478861005454,0.18552659614877431,0.38017317229873393
0.027476028738587947,1.157325078856558,-0.17224294957033331,-0.5022103257789964,-0.735976186138735
0.33923514220397316,0.3786126433131085,0.26330819622428275,0.2460499550447485,-0.03368011903158365
0.49962070709676765,0.5376610509402661,-0.07802812385133015,0.11898317927432518,0.22969939130986602
0.04194141034499123,0.24735294887613987,-0.12498493869487494,0.4174157368536674,0.24094724028788772
0.4991287804376778,0.6503276973405683,-0.02319723787764961,-0.20331151469517125,-0.09440240562959314
0.21512356598086563,0.4292572544818069,0.31688049638476107,0.5871680404453233,-0.29789943269256214
0.14964435011357494,-0.6373735888434932,-0.0025412236439206898,0.65100484487379,1.0782818770442286
-0.16843138511609237,0.47323586683687985,-0.2914867887658762,0.3144361287910416,-0.8051075337295627
0.025034289062761506,-0.5187109968605883,0.5287006917534236,1.056926261601763,0.198553237255487
0.23380474430664,-0.3478984392308933,1.0401367503851888,-0.05007616787911868,0.404905512459786
0.31602220647473067,0.8239015040076223,0.05655864396949628,-0.08543688429332151,0.5408974955234112
0.024635620737788397,0.3748368599167669,0.5576823357959688,0.5519738195910077,-0.44918602829870896
0.23211669097606058,0.1717817954205595,-0.20356705984973927,0.10959454343584546,-0.10870457819839036
0.06072130743021321,-0.10594224809787484,1.305801378555844,-0.08107406734591616,0.08188714582384624
-0.561657050897,-1.5465225588314917,0.5016278179043759,0.7502568002707634,-0.16537424374437582
-0.057289752095090386,-0.6244716742449631,-0.5717843214173566,0.6325886307071569,0.9121892809310314
0.26894724421205635,0.6176307287751084,0.18698535636706864,0.7151575155376423,0.21723006832694206
0.40482712990842357,0.6981341935778531,-0.06616317625717268,-0.07885338977620765,0.5462734458266043
0.6011908256999071,-0.04163245123680145,0.917965359114632,-0.1405355455465231,0.7240718174803545
0.21903271700625923,-0.05339372463980475,0.36106829060508777,-0.33996714660164873,1.0969639703498795
0.05640837409798727,-0.513654386569543,0.415520266849108,-0.16566815722825468,0.2735994784808299
0.03339531971714307,-1.3173421939747754,1.0356772351686858,0.883148644020339,0.5922236736172879
0.13702489829085243,0.5656281085238158,0.28798642920290585,0.1592203978489418,0.025140835810921004
0.5913024614867022,0.3865361732078699,0.07375182536805115,0.6048832678994349,0.6989761403762745
0.09587916387485745,0.7607424275500365,-0.4262155542282872,0.1856731189588117,-0.17714022525177023
0.45509202477033217,0.053813506607118755,0.8741883724623418,0.30977398190084604,0.14700824379945607
0.2846216831419923,0.2156471966642221,-0.007305320264478544,0.9753388448007049,-0.4672317015654184
0.2543011206056466,-0.16786864949818908,-0.9444392584393166,1.0526615757722917,0.3976994076500676
0.2842028982343723,-0.11054903965497727,0.9721951768544354,0.061724530408466496,0.4855304412864622
-0.04453061462143709,0.5774188349872161,-0.4051846551818989,0.7392275005029298,-0.4195265288103534
0.22954964974306488,0.4948743531821017,0.5822034112804254,-0.30195190036137964,0.13945609035808781
-0.3313758131398561,1.1697386824150473,-0.21264039961507336,0.5244287666042732,-1.0030173457017948
0.15264536464239573,0.8639907319969782,-0.5550857758189139,0.40180051327152294,0.2996513611587821
0.2490418473301975,0.8737690192009727,1.1759191749966809,-0.21289654178154477,-0.8799153185682825
0.4376592882541909,0.36865213423111715,-0.3973778700558232,-0.10763479638949638,1.1388083627659502
0.1073470269560013,0.9755715975255534,0.40034424528972984,-0.16739705112701564,-0.43840097508942
0.2120175815830895,1.118943550236382,0.31996319315299787,-0.7162699390858557,-0.5060219419472888
0.46650742152711905,0.15369175122982667,0.021306922719212033,0.02638404488072883,0.5631535292277695
0.15594152518029808,-0.07471499646406245,-0.2997727304251164,0.5601654690824805,0.15620759313219199
0.3249100835690117,-0.4263768717390823,-0.17835428919447482,0.5885972768918711,0.6286281388503429
-0.1003882756828887,-0.013244442580284387,0.5324936751103809,0.15696120938530544,0.1160780139318019
0.17549043918375154,0.21924255501306922,0.795906614206711,0.14440704636377338,-0.9255574408684359
0.44321546098409603,0.2582349291984106,0.726216701159884,0.12753919531840135,0.14889462516649063
0.3001776068440053,0.36608633491303905,-0.12736812379816487,0.22345128510743326,0.18469776606376925
0.16588595554104926,0.17310790056521372,0.2977418396093042,0.3055053899749427,-0.06923086627062411
0.3528992475568541,-0.1927776352549828,0.49603336130439313,-0.15880133636373767,0.9111461959122118
0.13336837013980898,-0.48389556364351854,-0.9824227493655165,0.7291289010121728,0.6614465590603452
-0.1402174348066996,-0.4510925704165347,0.4091300521634461,-0.10623263002465293,0.3873986772224926
-0.037867035386004985,0.5716535805920054,0.15936981207303966,1.270558685293164,-0.3081864022121386
0.14069128331783728,0.18789603517734946,0.9373067693107354,0.37496629723765956,0.42252016418605653
0.052915490556475375,-0.6753832612661718,0.43660424205227205,0.5116369405120959,0.5447670648418926
0.16190972808999368,-0.2583059507597691,-0.6834589116736758,0.8075402984605438,0.8069673047063703
0.6944570981207668,-0.3293859966758935,-0.04059712731967708,-0.2344271288260399,0.9909157129119356
0.37507754874020977,-0.2754667261853561,0.5705413526556803,-0.17279949676802528,0.8505862799834708
0.0999968328990704,0.20099509016014253,-0.6048107684617307,0.35402586223551413,0.12739607585910598
0.16831190866423826,-0.04230461880405599,-0.6040747674379908,0.019746314287618232,0.596483948800336
0.49944848494674726,0.5808437176232301,0.9340368825267055,-0.08656247817564935,0.8073242516789451
0.2677934322356211,0.6209546744674201,0.3136912493506817,-0.058256419791095804,0.15150326444968784
0.43763985984903003,0.6747953365980737,-0.36469339905299625,0.19161070001716096,0.2889567935110106
0.5583094155095114,1.2886991031758808,-0.46988527036152655,0.16860045682349495,0.020752397822219805
0.24962701106831844,-0.29523595542934683,0.521682593583911,0.47045022906328704,0.22470059643770207
0.4005042143915111,0.6984244083181927,-0.3423060435441104,0.46571044327482036,-0.5734829196565926
0.491900930077346,0.3520165796261995,0.18344009661531765,-0.03664405018738122,0.6933614447135278
0.21840260808819778,0.9741970772994548,0.2855157491479589,-0.22462258135330385,-0.5341072665185047
0.38912187804462267,-0.5513601296521221,0.42547532865291515,0.29112905929314525,0.8534507713029865
0.21262505192711875,0.09575886564736535,0.08334829601834431,0.6914906951622319,0.09578108845374536
0.20874225954121992,0.19178530300612537,0.24561675522400242,-0.0071122877997764926,0.23851956821042353
-0.16795024095267425,-0.33864588222788755,0.40003717397524685,0.9240544130018152,0.3159256271649657
0.1982419909429898,0.51970578207901,-0.2987180372292352,0.6244841817280568,0.052134225448096226
0.13786035891759776,0.7559536267865532,0.46204643022857406,0.15369355112565553,-0.10138642037159758
-0.035483348024022254,-0.5430877530842203,-0.29901435621464817,0.6986577474051986,0.4041625558670633
0.2046824354951383,0.4325992169641639,-0.5084196193413683,-0.10809548582530072,0.08526249661050975
0.17230183334286972,0.34828289810664975,0.1811553504653883,0.23496140143264457,-0.13036465135911462
0.20493666837546687,0.33269902384303646,-0.26589589230352406,0.6891805166397585,-0.17002106151550986
0.35771049222545814,1.0228214943825602,0.22730498006642305,0.2446074144258316,-0.07846630320152528
0.3436385301358089,0.02560911444147958,0.2943546760198292,0.6651218216438821,-0.33165534238057376
0.4948832546075014,-0.02212465955907695,0.17149812434721848,0.034280823024255495,1.1622283403719789
0.35225245553623147,0.6265034670786821,-0.36690120451223807,0.2623507229206844,0.46191204849971085
0.198993766051522,0.5824843294161616,0.7688857551274821,-0.32898889793109204,-0.11510837998429573
0.32753451370780023,0.5102487554393205,0.1843434503787899,0.1423958381821502,-0.2959058428813247
0.41455380007470194,-0.14745304457305344,0.576156646370152,0.20733497094355063,0.20788694218259646
0.21487702018815524,0.13418685170707315,-0.3548316142655786,0.19495465362963163,0.1402371501352214
-0.0011715494049345215,0.1539897754313103,-0.0979283988878801,0.3444409974685311,-0.037190925853095254
-0.010102399103753816,0.68042685669389,0.002802708256745751,0.5409203835590386,-0.7542778474471548
0.340440576246038,0.10594804734657516,-0.2384178380164403,0.5264207744280627,0.3350150084455938
0.3046800426438203,-0.2084236876247635,1.1339678009558136,-0.3422885972986223,0.07565974773011501
0.48240904949087093,0.27853765827016125,-0.39802940332389947,-0.07165773837921438,0.22770745586020386
0.4194205983688277,0.5134401155155457,-0.23032354811800046,-0.03246402010359167,0.2980016040411838
-0.10695317392380173,0.2534726098439199,0.45340993921081896,0.27039026443580666,-0.037342035146766935
0.3091570680083025,0.7358135724683987,0.2526458319249196,-0.5969422037987344,-0.020126193333157065
0.5805301979505678,0.7023053382749226,0.30699831165545405,-0.4743715014443644,0.27612062186411784
-0.1682184379582113,-0.08393331814714136,-0.1984470622392351,0.7520772600613395,-0.20481157183900459
0.3286346168815928,0.2333578345131028,0.1474346503045679,0.36056836036291756,0.8438576959097047
0.37329514902532485,-0.3934821738697719,0.015974650275057786,0.012950958936099074,1.3040984940993186
0.28192169208772117,0.6471701929298717,-0.8978794483924218,-0.16128231389066686,0.45070822881106115
0.1387692287733645,0.24354897661303693,-0.08031445057644777,0.43259470911063547,0.7328419833012141
0.21915928307238303,-0.2953283973575152,0.9106982046865022,-0.220146954192083,0.7436605983968747
-0.02239905991940915,-0.1813193702473701,0.29812724836222376,0.9255180150821131,-0.45054398524889283
0.07416336738891545,-0.6503066437525448,-0.17092699723852323,0.4198345733860394,0.6471602193672795
-0.03706749493904664,-0.29343885019892346,0.1403391483516203,0.8045781893413207,-0.7593324817338933
-0.0380375340232304,0.18516226723986204,1.0946290600038444,0.24246613534761846,0.05939507451673539
-0.0070319402075000505,0.4492804166513938,0.3296634972763322,0.27570215624902616,-0.2552056773590238
0.30454160683950554,0.14847744382770983,-0.29058154276104736,0.40675396811350384,0.44186217543832385
0.29495205183880757,-0.18654994891180454,0.8005501183945067,0.751136441630194,-0.23814813484654873
-0.30746901683217204,-1.3380487703736612,0.024828908470813756,1.315803531393098,0.6545166026390854
0.5558759597850199,0.537452402669625,1.1763157486909204,-0.019931721669933178,-0.5975331770528816
0.5234030858668538,0.08061664230863616,0.7206676348066349,-0.35632156416322325,0.582724807157909
0.5138430492749342,-0.09543374783995169,-0.17407886386528743,0.14360256099282454,0.6852379452240283
-0.06596857880937697,1.0116303693952315,0.22923122169622828,0.0051588258586568805,-0.9050792866014868
-0.03235427971702018,0.36074674114342675,0.8120477905440862,0.5847731543653367,-0.07105323750565358
0.22775089073761737,0.9797087676766143,0.27786681526295465,-0.2979950557238585,-0.6549445048712331
0.17259401092129611,0.6152666543907979,-1.0125959866281475,0.797880377108211,-0.05158828021215494
0.23730076960398377,0.3189920474793126,0.559020924188748,0.18173960534975656,-0.47472177934436616
0.22749811124122862,0.036653372904168195,0.9231338488139416,0.16822728245417334,0.09173752930937197
0.315754947197987,0.7040661091908622,-0.15338560622887054,0.15524755561972023,-0.5023850952030601
0.17323704207435714,0.1822198636002979,-0.23145876761945514,-0.19406417613534804,-0.4222188647571534
0.14583724186574232,0.2445987815977085,0.9546916715274436,-0.03497525340699033,-0.16793569827479518
0.3744007871002126,0.9030364045143957,0.1794536571852608,0.42680496217216374,-0.29983361270508085
0.10273754467229038,0.5152331654751025,-0.5789241852004184,0.10789774861042001,0.026524096622579246
0.1933014777312832,0.7602738029477795,0.46446281766700254,0.26097482859635535,0.00033880531967749554
0.43790229671147074,0.20390859355419855,0.8635231322809171,-0.23508023900730288,0.3964433979819076
0.6586946114909621,1.1591543764207182,-0.039984798413916986,-0.43762705704972593,0.7009448526569318
-0.0022650573326377424,-0.6674919670198375,0.3019132496802219,0.3846947149144901,-0.1619996486322344
0.20580356528106064,0.8418164041335562,0.7498124534047231,0.26970352390570257,-0.48219564705795814
-0.2894423450987719,-0.3271374370378941,-0.31045310094818823,0.38514300749106006,0.5316288336354643
0.5579974805852264,0.8615397027154255,-0.3066786933459556,-0.6334598986693644,0.8235751143954625
0.21576043362115424,0.3947121740366718,-0.49204299657377865,0.2259716687994322,0.45705274479266533
0.458737755455,0.08375120904545565,0.9001685674790015,-0.2207068689815872,0.4462962676922068
0.2927687445468922,0.5308817480930453,-0.1287738997372769,-0.062290906127942795,0.36702146584485584
0.37817322201000464,-0.019401093912978104,0.3895883223866711,-0.09126600427087438,1.146679366566022
0.19194028231211585,0.030427710099580712,-0.04528489699902586,-0.06415746680851928,0.39445258520513327
-0.16944241208924282,0.5726645314788972,-0.3671898664080865,0.9793339785829543,-0.34461998531649757
0.40574928814110806,-0.034915376269864115,0.28026793871006683,-0.1591501429054333,0.4269109832812089
0.4387082558935,0.21580012702347082,0.5808469979300366,-0.013372681255731924,0.5372707131522612
0.03305258405206625,0.007784352191382605,-0.34206250815562567,0.5204334209528553,0.015740474620481112
0.653268366173952,0.03760264920332096,0.2501144152063424,-0.4113440779858807,0.5119241106833022
0.29779756510713895,-0.2597813187205262,0.644009018557292,0.10985531475373636,0.36109941611867774
0.31397212526651613,0.31704399491241525,0.8589019445532373,-0.3477118157702484,0.4316040470769674
0.611500896958618,0.47518060364210574,0.10676244552852884,0.02009518131218296,0.3608672007599908
0.20046680166212552,-0.5153472452789989,0.19941308578613723,0.04673927318445889,0.7215649781029928
0.4133699798010795,-0.2614926209802638,0.0508344592811138,0.20646150645508407,0.720091946917588
-0.061954360180144566,0.12987695091849727,0.8215048512928748,0.8974637229636514,-0.2793264264791594
0.5050918503434131,0.9007461836318453,-0.40678697406103753,0.3404339403141472,0.41792445977580167
0.4511968980508362,0.5256313107494593,0.3800015515638553,-0.24019836081382964,-0.06049901483515169
0.5244944347451224,-0.2979525287303409,0.5715627533721039,0.05328240821221094,0.6799601842913461
0.31060394537780006,-0.5298901325230744,-0.5226860532685558,0.3683670465993806,1.059305899692071
0.23669784153992243,-0.18926441357747192,-0.4432345752741961,0.4961216271318597,0.31720831539356537
0.3305676763895248,-0.38418837979211673,0.12044829744727702,0.1431139819038495,0.45024952474841945
0.382789532478266,0.5791326169835304,-0.5311091738470564,0.12967143366333367,0.5400290869894374
0.5570563339245872,0.8447335868309374,0.31273682111087414,-0.14308161946968606,0.17615819977016772
0.21297630666472747,0.21692657799704562,0.02737470655622352,0.3853539025303099,0.19371854485756054
0.22391181992156725,-0.28926612601003926,-0.4982785666293064,0.36390765057332064,0.8314519342130865
0.092126592647125,-0.6056854656963538,0.509234454524889,0.6786281820403999,0.07091014375216576
-0.30297331314695575,0.4107344516992516,0.047647672017199064,1.2000136460045854,-1.0990494564548552
0.30551899832366386,0.03275825104021467,-0.24781204975971963,-0.17024837608582113,-0.05237584426484516
0.3350284065775545,0.3503608613008864,-0.2644657747952385,-0.38081754046480826,0.40696982857222147
0.3108131069656305,0.04201481315975555,-0.24337778014223893,0.5751663678368334,0.783790758114896
0.3649519472035896,-0.18312283556892867,1.1758519158645258,0.04584407260348691,0.31671930656441927
0.6855068663336905,0.9760963529032223,0.07794220422607188,0.0019861361021295426,0.25963325351965494
0.3997191617364406,0.28082458477533356,-0.13819966298048686,-0.04604334115665785,0.42112614326725956
0.030474773063788204,-0.2767035841343914,0.17237384888204116,0.36275973645204274,0.00030874009550646396
0.022474863886768597,-0.3655980910256444,0.13466494269966559,0.676564359029169,0.19172968818213348
0.2600448973686981,0.5502036767646724,0.23741318159044467,-0.292292591755044,-0.14685597405820505
0.4792861774468381,0.9184258768852407,-0.29365483647360946,-0.1773040086108532,0.44161948823453123
0.1507904089616781,0.07894472870526162,0.225630569809873,-0.45266009976747223,0.9904240547432964
-0.16810727154495125,0.04493571071313503,-0.1707944352225252,0.3693102622262813,-0.17092666342898324
0.6913080078269502,0.5917099272564121,-0.5833491731954733,0.002462128640339301,0.5728073023117651
-0.10264564739178204,0.9148647603679942,-0.499408424577763,0.41388776977723846,-0.6169448667869151
0.18805368480565587,0.5735473160772913,0.4923374572604326,0.4097368835036153,-0.8717252926104864
0.06492488038905296,0.31253390335639497,0.3244782890554024,0.32675663932010596,0.17671242703947262
0.2383081740873727,0.5460282868686918,-0.2024844742800223,0.40275455140398925,-0.48719309313038034
0.08639618701464871,0.0672018809765185,-0.42164918858031153,0.5716505011612713,0.5979602524868532
0.2347325282412417,0.1388937915637245,0.7896667002495662,0.2890825053993424,0.18736998733554347
0.37702953920332366,0.2785453489376488,-0.10423131823006908,0.6026788011879946,0.6890134944900305
0.010722268403962986,0.6774163351868183,0.027070039131612204,-0.0755571832918164,-0.4857890300896977
0.36431449723267384,-0.20766494144317474,-0.058448709789414605,1.0268085115181727,0.5853442063206946
0.0873783806829377,0.1974857399455545,0.7755722983145609,0.14425374815760555,0.14351707998615887
0.09638638444474205,-0.6836443171308765,0.7860223402736665,0.8294032654419321,0.08786097537660754
0.36932807939381307,-0.12413674220704048,0.6508525118455655,0.07499868781168373,0.7642449167734711
0.2575597327057618,0.33950796619976115,0.010732131834711903,0.24780213139777404,0.20962064137693798
0.2491576155747146,-0.7698511315906174,0.17954810327954965,-0.18757873281597814,1.4079550844032442
0.032079898616810605,0.8969573269010861,0.40369385504276756,0.36537645997767293,-0.5273436756237686
0.06068625362439949,0.25494967931811324,0.8159502374843215,0.22971830221182582,0.01686714931981739
-0.004885852884225151,0.2704891714698829,-0.7802777662894039,0.4049478911561564,0.42407344083671616
-0.1915341132673523,-0.42451576087137777,-0.6361518192829554,0.49931313910948516,0.4106705640010515
0.6663920799527112,-0.621849632703576,-0.07596378462689811,0.531915567114914,0.9181356554708958
0.5596020959593897,0.15686119514138488,0.09909903737201373,0.45294473779845484,1.0946051455519306
0.27130978423613983,0.390316724097472,0.23513129017335627,0.3017151952813736,-0.22611067201039953
0.5644452765815399,0.5086000254313292,0.0422561190880686,0.11145458066105454,0.6540869258914976
0.0203864407938172,-0.26459077055027386,0.5780105871246488,0.2777492359101917,0.00129733913855286
0.43507804931499927,0.8181646215313685,0.01827280244303777,-0.5075669386617357,0.3436525656877551
0.47170126962161074,-0.6840582789342478,0.4759324154389347,0.17405714805492284,0.8605061450190952
0.14984082678285865,0.7273194405389206,0.9872246928487379,-0.14069978645156592,-0.3010922454815875
0.027414044003039633,0.15600859321109692,0.544759232424548,0.8789084442998004,-0.5282983977277436
0.21332593709988365,1.0069890638806844,1.8332978936212145,-0.06479658010157861,-0.5131827213249642
0.42802111749337335,1.0792644708846084,0.3028995606051289,-0.3170804613452231,-0.18582163310095803
0.3555428400000387,0.3000430587153228,0.8688474506849454,-0.005869557568614892,0.4313943156289761
0.5870066871655129,0.9831926221836083,-0.10430181122821955,-0.3362390699087464,-0.18266632612478778
0.2718667430379815,0.7754386507287575,0.9977409760679412,-0.11000566565235376,-0.2912252665133919
0.4242085408002364,0.09388029086239412,0.7149572848170401,0.15142457634761394,0.5648953371756885
0.3522010745364623,0.9403667436823897,-0.2759851891712347,0.1697657070730284,-0.1333066389718465
0.262304110809047,0.5407731112824943,-0.2660029238855758,0.22596656848239605,0.26336610946125233
0.09338567803354572,0.44965323945945984,0.6760718478539158,-0.0629102146823772,-0.2055134873899378
0.36451208167133925,0.2431664724927252,-0.35308737268600854,-0.036500862104589596,0.3067455718883075
-0.018540425823743035,0.28068711549411773,-0.5400567663501759,0.015243027450688208,0.3905170090367041
0.1443525815392842,-0.5475726228013585,1.227475551902835,0.022166876392505808,0.529747296566298
0.26165586807655306,-0.4018259300734715,1.224652941878973,-0.09778353061033607,0.13982308779654284
0.1261539690524269,-0.6110133887269785,-0.04152536102953903,0.8032326139803951,0.7913513384181893
0.06927038085379764,-0.3637486877262558,0.3198159894304776,-0.07960989378240307,0.6583451438222085
0.45841550570306727,0.02350981891322668,-0.29549243786226925,0.5006876052342517,1.1875157882378575
0.35052569613632323,0.6349095059768748,0.3524872676114143,-0.07715650419428673,0.3322498841102221
0.2624453414956401,-0.2856260530423725,-0.5322133003950683,0.8746775581099632,0.7664920152709914
0.19128352838318424,0.09702020750096899,-0.14451135416584088,0.30639607164411675,0.5716066346053829
-0.0966941514088714,-0.5407275687287253,-0.7080263328991018,0.6394594896058957,0.3354282554738846
0.35188904510011104,1.2417601671452094,0.4116786322517907,0.41557368447309884,-0.32807140364225107
0.3340124449500187,0.15032050132653785,-0.04759377172588613,0.05383800257206327,0.08252742543020113
0.1992123606003683,-0.35622405302082427,-0.1155719275985428,0.5463424488732657,0.9259442486570921
0.433044955923858,0.5062197587200727,0.5053827876855503,-0.1948087235797725,-0.0807186499292088
0.11513123273126505,0.40008567062838796,-0.08421020582051707,0.3049743352563111,0.098384147859158
0.07633330761434387,-0.4105780566010418,0.8128524204954444,0.30296304117132605,0.717531717000021
0.3422907025870978,-0.39369381965589423,-0.40985267957618293,0.4932772519229326,1.068688259609653
0.6745021839248866,-0.5715542979014521,0.3247370230907838,-0.13683825008802541,1.723075844272078
0.48424361538926547,-0.06253185134380819,0.02353957238606923,-0.04587156255168084,0.5427868157550925
0.054761440508479094,-0.18883315905591086,-0.21412650044149653,0.07857698574758586,0.5851345575359249
0.16889103561443147,0.9185914279402939,0.43494166156013214,-0.270760515051173,-0.23968295401632184
0.25746907606139446,0.5412535300541401,-0.17117950369776994,0.38127476679683536,0.49727028015440694
0.13285170447031835,0.18634242376092397,0.5565625957590781,0.6173264942768805,-0.40148032548603685
0.35119768885787783,-0.6007421322080297,0.6427214087572979,0.3108907622959239,0.8299863417559344
0.377164782218645,-0.9482863562133671,1.0048482656575335,-0.17577967752266083,0.6818475285833567
0.7212574174917368,1.4885036822419124,-0.34384475155207445,0.18262014327764423,-0.4572843279511484
0.3192865757667152,0.0776826327362262,0.78047836567937,0.2207972986794944,-0.07787521446502993
-0.04961464054767452,0.156319763260953,0.7259830081580816,0.6122671216014578,-0.35578819776396264
0.22367862176191897,1.1065129542048961,0.06066352198277459,-0.09656439612631053,-0.12340574860759891
0.25880264947472453,0.7165615542466274,-0.0742863768304185,0.2882104156892833,-0.4450048798436237
0.31169420091811595,0.10101376287456038,0.15123799276599714,-0.013365791961071192,0.7614154054249278
-0.03489947178194788,0.07341983519357109,0.4912474799868976,0.6323190298333975,-0.38741292463613897
0.7433943033384521,1.0159987638635049,0.027755134374775576,-0.6318349627370385,0.46676595451631836
0.32377261493978976,-0.0904079126712286,0.6138411942870271,0.1409190558523548,0.07505901975901295
0.09689564767700985,0.8266382901432466,-0.18173004088662484,0.6649535806625644,-0.37857254073845464
0.2558431432925733,0.786084767960197,0.4238077967455976,-0.6389797678995353,0.5050086939034795
0.15444711835319963,1.1168092181057956,-0.14547218313418478,0.2884624049970849,-0.9136996671519688
0.40348792574152914,-0.08255607295916212,0.48322424315752593,-0.057640808535234254,0.35633581592928887
0.35314569721000344,0.15014288945456936,0.9613238261729493,0.5032046327920614,0.3699238308445723
0.5400307588164182,0.8270525078238788,0.8519555146108964,-0.20744937387607493,-0.3415948451347759
0.2792239767727655,-0.031686240227019234,0.10153087327861864,0.5629428183768546,-0.1190894723873273
0.14888963296432658,-0.11016703425783654,0.6068825710592362,0.09259227255497615,0.4561407929567019
0.09892408627935702,0.3955328480459223,0.5524759047518611,-0.21060858699149926,-0.07447494500509884
0.30553693775426033,0.5080243980275176,-0.12401423695490857,-0.02224914899689357,0.48329527011240864
0.23925539583056002,-0.21245498763528312,-0.26463192358978055,0.7528133646611613,0.6004113550068261
0.2359516016507271,0.2714931779583418,-0.15022704009625165,0.22013585931246474,0.8426409158209889
0.07526111040691867,0.4205055660698067,0.13680203124989926,-0.060076644095842964,0.2257148939751567
0.3723959598420545,-0.2923543685068751,-0.10354253508270982,0.5749137889669752,0.7386694956130302
0.2881619306495108,0.6167875622658612,0.12806685658319591,0.19862900943311576,0.26288724535961866
0.17578178297926778,0.03807475417907297,-0.41162298430087063,0.12949147780735554,0.48919414714864146
0.28108095469489447,-0.6385021938326243,0.22168165624057803,0.10137868114351034,0.44367062373507027
0.2886124049949143,-0.37425072699680145,-0.8731449286456248,0.26855297845124737,1.0036749165360614
0.35734543156817805,0.11481870759043937,-0.24794892009709935,0.095632396572962,0.8394698009752697
0.1808114142250025,-0.6208578065506695,0.35867891541742375,-0.002512181271405095,0.5343530294242235
0.10148975437660394,0.6206279203283295,-0.3597948830430755,-0.018175674014999987,-0.004361208347524021
0.19084645652117774,-0.06428912557203871,0.45645897761715265,0.025645665889928577,0.8253613783657698
0.11331237592463633,0.14281911205867182,-0.10679501096497976,-0.45093441202141366,0.19902084887869292
0.29537930711474825,-0.24711973096373482,0.8370141634335958,-0.25140041177466677,0.46585561388679003
-0.08182956101150446,0.9582021368743906,0.11067833507845456,0.04442270403735901,-0.5977363557734449
0.258224236219076,0.24362080894965768,0.07360357866421775,-0.16019908779983683,0.44125306800556674
0.09806158422131601,0.02346756673538605,-0.2726325737207152,0.9108434625732202,-0.3583675889354315
0.456948726259611,0.0018286486787058697,-0.21114331183170745,-0.20977635258537364,0.4648432491564468
0.13624300374581685,1.13773836978899,0.22079719486977958,0.09524789174791538,-0.06191226032882791
0.20504449272195552,0.14335564084118696,0.6878474883047409,0.2532795300809872,0.9563260331758269
0.11765470640585511,-0.754132315303189,1.100961169349828,0.13276341980128706,0.7507240936354806
0.3532872603837238,0.5048233827175876,0.012874413531253773,-0.13676667546697935,-0.18773263661149972
0.5119243420808633,1.240288463859298,0.024669299612512133,-0.22248559813889912,-0.17031627274718875
0.14847578756814744,0.17754420148540367,0.16917236300097338,0.5674317107106278,-0.2927014973296126
0.21993659062474777,0.4981438041605395,0.010576698263199704,-0.17134240686251337,0.07926425601187623
-0.12442821924909447,0.20529560942766814,1.2279710890866073,0.7881729007323816,-0.6635660922707838
0.2040968392657041,0.5647606991911891,0.9001131853590777,0.1902955174274471,0.13041983916265826
0.10124879286518718,-0.11835697882191844,0.04182518663923591,0.11731618304542606,0.8758387142329764
0.21914592595652563,0.10479536257516553,0.2116009156035626,0.2065509202628633,0.3578599695411611
0.2716550309684619,0.583446599242559,-0.45099345061957435,0.36639961574935276,0.16213393307547133
0.4503138701093166,-0.40857774437595806,0.03359122276726908,-0.31025651549850813,0.9418558477948362
0.5685109356372123,0.8397264111873467,0.2862622706258863,-0.4198644468124118,0.34874794819324595
0.20931516916211515,0.04506807412803985,0.13934740008751695,-0.09806718099787236,0.34040954192690004
0.32367363897451334,1.441297523599455,0.28707956513042726,0.005428852392658668,-0.5351623550300375
0.36620726908402673,0.11858170667340702,0.7941280306439489,-0.3018332832254739,0.6725474783641125
0.3118070949449969,0.6601375984166952,0.9020738899278129,0.0477821360999702,-0.3438631449990825
0.3842222924131289,-0.2723212652921394,0.875148083782608,-0.2306283634765574,0.5655255934725464
0.41814822984666644,0.09968861595319825,0.7933182110761866,-0.1922963212421582,0.8000222509483916
0.1545225747492682,-0.09117890193429183,-0.20333692222079605,0.5753227086680556,0.33546155397544314
0.1635771467865495,0.8286342758402216,-0.017116166405194495,0.09026056215462734,-0.3630437969299706
0.2748834438856478,0.5196614655752889,0.7833060645371738,-0.2898380149197006,0.24081644735023033
-0.014675842198465018,-0.18786091156331386,-0.2732907805581463,0.5946080699883859,0.31910947075045776
0.09604944814049858,0.9346737685308211,-0.8400441387933371,-0.006285190808434358,-0.1806441142645702
0.21803266820836203,-0.06746768096928303,0.33484041622063004,0.49314308191190837,0.9494429720446973
0.2425952056557981,-0.3550879930276527,0.7925378169637545,0.9925827286125508,0.05785288965401204
0.12843412804772011,0.5946090181418627,1.0221005298815737,0.4053476534713322,-0.6408458040300227
0.17573340671158394,-0.014869840911928046,0.34160441324820345,-0.17616844475457538,0.6845512696790065
0.05851783040693086,0.5629765148971021,0.8075736796710982,-0.01787347323079523,-0.0758314516994157
0.46723923313867066,0.7578270424076946,0.34661200925963565,-0.011928788417040643,0.00614080576040172
-0.08421974099575431,0.10613152528882082,0.6259683877929221,-0.26555579275338626,-0.08358933098938578
0.3345144501738442,0.17029516662836297,-0.9714364485431887,0.43628760217487794,0.8683757547302449
0.29260630586867437,-0.7427314692571323,0.7021418244994939,0.2810735411770108,1.1063561505623782
0.5837328866446907,0.591724031198224,0.09147296792639491,-0.5793367701048366,0.6527763732881575
0.22059414378442513,0.42927063452576114,-0.5998335786177142,0.3597377956315816,-0.17567647812558143
-0.038210413525957866,-0.3281544979334745,0.6515893165515524,-0.14384609442482515,0.5597772464453268
0.31532713249554856,1.368965029249133,-0.52357521743129,0.19590890984852952,-0.3643710692725082
0.0738206577298712,1.0415485552874868,0.5217695069307143,0.058157680435790456,-0.8850437588337859
0.17802100922856479,0.6792646635514357,0.22707817190729473,-0.2716434035161214,0.10962767691322178
0.06314519430366065,-1.3926444453497362,0.4035632456468902,0.7074693815314486,1.0582933350246109
0.3154750551598842,-0.2692632538410893,-0.1407144491694647,0.42119330725721194,0.5612777834418079
-0.2698321688984741,-0.30997088559342334,-0.04910855158243735,0.5229654594123592,-0.3717249605245149
-0.013159648469987548,-0.33504515588056016,0.5533424585044149,0.196342099701986,0.9057621041716029
-0.10107467502255241,0.1423777518292296,-0.20637555655052928,0.6792816522975542,-0.022483421247428755
-0.0763245262079134,1.0979081764301835,-0.08338216368227831,-0.005278169244657135,-0.9653425797815547
0.04595123319552653,0.22750735899621102,-0.3629499341865719,0.6142821355379756,0.2504924317760677
0.32900606761858114,0.11685754626023077,-0.23700242534652533,0.4144617568691423,0.20233309510066227
0.23777228253075144,-0.5875492640382755,0.3799081795328743,0.45849741952419404,0.7313420177194587
0.04436106603967845,0.2569776030516783,-0.2584979955966959,0.6323211574052073,0.240360782044857
0.2140866650042108,0.7332451352730822,0.037643043339132896,0.42655676796561703,-0.4402741386942994
-0.041884347577665064,0.5589632871976186,0.019561772925443546,-0.33116746948342296,-0.12216829449137367
-0.08904161915892152,0.4323375133395161,-0.15612887667836486,0.6006788609274012,-0.1702028362090879
0.3126266848365179,0.487337230304022,0.10447884102826169,-0.17503181908930324,0.152915711995103
-0.15859316906734755,-0.8119127324952495,-0.47368308377835,0.3845083342512501,0.9489817386944565
0.5407008801506169,0.8162082139209544,0.2143100522076137,-0.13091848431869996,1.064204861893701
-0.005193197252369306,-0.5030498153857622,0.4487264926327601,0.8506434576528303,0.07246261534550155
0.3054685238639508,-0.0056918866586908885,0.022783204818246156,-0.24716915127763625,0.6095664416780856
0.01902138926703594,-0.2391896912410501,-0.5820406461526273,0.8923661542640093,-0.4167833475917161
0.190456239557552,0.18264987674776254,0.29439144663028816,0.22786311512387203,0.06619370438855506
0.5118168983321468,0.24018169776076484,-0.05894773427160064,0.0899608935878667,0.1687717291201327
0.32378417543275895,-0.8113523340454198,-0.34695344725827676,0.8025557684957744,0.8791679990926693
-0.30496536348935815,0.009536035747007045,0.31217652513559957,0.2665872752223236,-1.195762863209525
0.20611146435537842,0.47524598842372223,0.39381614731620895,0.04408821241345754,0.366511212247336
0.07514369590599147,0.09283780664220133,0.05734920256638049,0.2991329543947415,0.00063188399095209
0.5089280898601289,0.7144283576864897,0.03518106222021411,-0.06122411453749891,0.46723734009476287
0.07109106156691526,0.3929046153079178,0.41400361941484015,0.41007842317443866,-0.41935081652342165
0.5671771890054438,1.2229529264899903,-0.25120169060325975,-0.34523577540976347,0.10299638679059543
0.15705153280456072,-0.20701179233026357,-0.48194716783997144,0.5656261644212777,0.5107241938000161
0.5708433622105075,1.5872343113430039,1.4842672374026862,-0.603979461407525,-0.393782202003853
0.36410253879275345,-0.41893771136819585,-0.24678004754583094,0.11897073158327248,1.0176446176238048
0.39054383969318107,1.30192848318074,0.37651559266783796,0.12284116811857043,-0.5954456650334747
0.14087681108397065,1.8524677527481954,0.42262567024980485,0.44301283445578216,-0.978132459315966
-0.16497478768570997,0.8651017866390597,-0.4640389072198976,0.2603692135062147,-0.5830258038396116
0.2904192667039657,0.38246485915047873,0.7744690812239137,0.20872595208488479,-0.03016283136991413
0.388180502705577,0.8821800732033023,-0.01728192122080676,0.18072854966416718,0.04501272152245298
0.40355171818829944,-0.7515190562406189,1.3607628187466858,-0.1112545767213203,1.1216394458888315
0.47302758187687377,0.010503048147095892,1.1426853808173565,-0.4450713401968652,0.12279420284745705
-0.15166511661291585,0.7056605219587632,-0.14833638214165218,0.2857559139317058,-0.5117675307710153
0.2028488058909961,-0.5259464967965413,1.386400698633538,0.01678818390558745,0.15071958704535987
0.2933421432001105,-0.2965243077925956,0.5599711142938144,-0.062095413420838845,0.8990592113224753
0.2642884348954327,0.6825515758511232,-0.257286277297567,0.3443059792288107,-0.38652638223410096
0.4159450755501025,-0.3106571083158805,0.40012390178303875,0.1420004677367123,1.2669323337947616
0.22389943380911434,-0.3548909546668913,-0.08265300181567793,-0.17825676686558245,0.8023779092688798
0.461197310113789,0.0029740173192805922,0.05102184214354644,0.2289347343368644,1.0786159657316712
0.45045507659098366,0.46504804815434825,-0.22231353730391318,0.5850944466533502,0.10681780894109573
0.5493055829570056,0.22662877700122278,0.6771392939849635,-0.45459634568899954,0.8038622006963101
0.1539131769303458,-0.05670505447614808,0.7012468979988102,-0.43414022295203675,0.6761348104191551
0.1576496224491216,0.26473883963740524,0.6148290310090224,0.23409488380623633,0.17661661698844391
-0.05860605064427227,-0.28552869950580495,0.10650980336681073,0.07477184851357047,0.2977774587420675
0.25541798719913944,0.22982203100881088,0.03314634554332923,0.30801791956235175,-0.06873056144972232
0.1955637529144526,-0.17131605195422206,-0.08352484763373483,-0.35349882384868014,0.4881138090958078
0.18430172062054045,-0.44937378293090197,0.23967035900934258,0.2569467409184117,0.9284262460542311
-0.06418809411692251,0.1395132105876321,-0.2781678488293668,0.502899273176026,-0.08401251406789445
0.3546799365541336,1.0630959001700075,0.7794862362052932,0.05411387026274873,-0.5846601156887471
0.2943821226531562,-0.051797740641822146,0.774240073928221,0.12819694919515484,-0.022935292289390223
0.34852784869577413,0.9279901053476742,-0.36360876360921573,0.18466350912556373,-0.28041284109820613
0.4663466732471659,0.26088631576572224,-0.4110795433281191,0.16976991274091596,0.6176563401001456
0.09186007887819571,0.6250946740090664,-0.4174603690621971,0.27234660238464936,0.15799104815298878
0.2540724536394831,0.46589054525478185,-0.2530611240270439,-0.2517008649294541,-0.08027339296264518
0.002772930243859479,-0.5640825093598447,1.1219064087645214,-0.01353147761867741,0.07442249633567131
0.13353468241678218,0.5769923342580562,-0.5502775686797331,-0.0691430860546544,0.013270808775484597
0.01196267660094451,0.6747170822792095,0.15357342756806744,0.18354150646535458,-0.0613782807473367
-0.10846962536758069,0.8175219724929147,-0.004310083535801319,0.9692985252373172,-1.0475093712322154
0.32556669153945067,0.5023543616953229,-0.06983325300151744,0.2360787604874833,-0.03348608527017404
0.2965635465205547,0.46828583608793456,-0.04510272495987539,0.36291173911550867,0.48067730543212306
0.23503402456911382,0.6148600333147005,-0.44428708800043887,0.7741151571362473,-0.28441303246917815
-0.3736986963829588,0.2025795478536126,0.48555834446168467,0.6649645951728789,-0.8463348412425048
0.18137129381626566,0.7562346351365687,0.11446600742152709,-0.07931908255229109,-1.102465514738493
0.5926940795940511,-0.9225738073126871,1.2778936941817136,-0.06825730727802051,1.493873663006548
0.43745800739570223,0.22123587197201294,0.9620844443369914,-0.48070693057256836,0.9436666889890617
0.4114684377702245,0.5364417983082062,-0.45681785494271887,0.12706110256385494,0.4307900409073361
0.5608588661097511,-0.09935059651695544,-0.49986642188472497,0.26699605289566003,0.7289924796016879
0.22844725560478574,0.009566043403007204,-0.1053478326077082,0.6149624495292542,-0.016982195392926922
0.13434071322829075,-0.2205734444422506,0.03048750902471574,0.26775219413579604,0.6693243148484205
0.2587129809523144,0.6996148349544141,0.312818412483053,0.17790140762637283,-0.14775099878849626
0.33345220809841364,0.9585971307986874,-0.5627602768323701,-0.020676901381416826,-0.050451828050224204
0.1476162534477565,-0.6834784703691426,0.14643658575353288,1.273529476986364,0.5234373980353713
0.49279750520316395,0.257110545195252,0.35914229894946104,-0.45830410573301616,0.5823414154071546
0.20036873959662924,0.4226660121006987,0.08589476947842968,0.24279074035168213,0.35161785246296773
0.029024323948878984,0.0794415891483208,0.6494228042333149,1.0365654076095085,-0.5837639395778093
0.3809408602638192,0.04738541384427375,0.5546812284398183,-0.04399353968988486,0.5937720804120563
0.07984253831290587,0.5272565175687915,0.7832242142623409,0.12451805888707548,-0.15067131026776384
0.29315833744074765,-0.30688940017414,0.6421161317461942,0.7518376488566225,-0.02957186099696555
0.5358538970879119,1.2712564485029763,-0.2690942583406986,-0.19890555634909157,0.09067709998349748
-0.0012504497663485027,0.24760288103570693,0.055433259551070826,0.12115452178668422,0.08944562844492268
0.3441031335369938,-0.09466249832476922,0.7170810381576685,0.20950227740231506,0.6574287050192276
0.48762273316372,0.35187759978776556,0.6067909262034039,-0.18008300820806294,0.2931991856123908
0.7642202798069097,0.771474737099003,0.7120151673735502,-0.6057457387067188,0.28151536741738714
0.36999065619246774,-0.03073598264170646,0.511492055176161,-0.34537543278811744,1.3561256580813952
-0.0965953532719758,0.21724883349913515,0.6063879232731553,0.8048794108769062,-0.4262933514176967
0.5941636194226915,0.21285092454514928,0.16456425141758735,0.024314618084565226,0.31876069680793445
0.5297190127611284,1.1639564702708343,0.25538498978466706,-0.43048549420122445,-0.033642406103215804
0.063494852238668,1.1140738102139331,-0.47613158268734895,0.022271864698048094,-0.9953478163613692
0.26949648694655715,-0.5724876071038988,0.6576042933435426,0.6089642939468903,0.3194891318879142
0.23439459632805051,-0.2139828405228661,0.7513016032642365,0.12071002125094833,1.0034736660452959
0.018150857799939656,0.4318195232822002,-0.0711502157593928,0.9584988612743355,-0.3945309884752616
-0.032477021669751235,0.2526919891577648,0.3283402527399007,-0.131696287071822,-0.17372484812046946
0.560249247748114,0.3515332390338948,0.5285389892128262,0.48704305470323545,0.10331321897785636
0.5187459756103593,0.38172861716364415,0.9001945862183738,0.7598757199533898,-0.4933071378203903
0.2780092892045775,-0.1513609665844488,0.207423083500473,0.36011321544414543,-0.02090003953426613
0.371373543409006,-0.13628043694467684,0.41872993714627926,0.40446241113778403,0.5591552439292057
0.11969608916076357,-0.012231347147751962,0.28364461746365977,0.049073055433195796,0.49963293539311004
0.03840596057041982,0.2968284874600843,-0.07279702040863478,0.3790607109591924,-0.6702271732583559
0.37270252133823806,0.1170402610141477,0.17457921294987638,0.11272154774310428,0.33936261933495976
0.0031642074856735505,0.17786265505671622,-0.10752483018935748,0.2765606619878265,0.03724986333306255
0.30255854923619385,-0.24719830269860663,0.08307166222928655,0.1576871215733713,1.3357529203488672
-0.010168079047983346,0.1674439797160392,-0.30529132389929675,0.6192997983827556,-0.4356507513500251
0.31722158721396193,0.10953797902870138,0.003081518940667147,0.4641409189495074,0.6443169072858954
0.43891632319476137,-0.14615833835790823,0.3324406348441237,0.5910735825577246,0.3720422723282495
0.33793242863947637,1.330598290616951,0.3440763393260644,-1.0408377380574318,-0.06566991701486607
0.32235684516962765,1.0059387427016047,0.21808614205937765,0.18767447832822076,-0.5633831184075021
0.42023440224423747,0.3743065839292765,0.5186051825703718,-0.5089591192080792,0.3197107591403426
0.0484503860825536,0.08525228111495343,0.02207294944373068,0.9104906569873591,-0.20957680287515237
0.3274246852659135,1.1857402740592529,0.27749556400404346,-0.3781457197188198,-0.24024253128281486
0.4070156932774154,0.45456249932669757,-0.09955834140317223,0.711092037409814,0.16716378898977174
0.2959451983505516,0.6523640781763931,-0.05332894139345186,0.5438523793160143,0.17841831316792028
0.29625722306689567,0.08298785198902317,0.10891542244458423,-0.2060346390397107,0.7741561710957292
0.08706186966069768,-1.028106258559575,0.9595709183332569,0.2954002556725886,0.8574782094408204
0.242635105322263,-0.04076440071325157,0.15269119269879255,0.6756366264526276,0.27066600651667216
-0.06150519481597235,0.005593181164006043,0.0012087225437627828,0.11590947889379347,0.0362685729305581
-0.10111544648908297,-0.7222271023694741,0.4210649682083329,0.44033803213535533,0.4773883591827274
0.37295446309811636,0.029061819393132814,0.1851724203637266,0.044901213590067435,0.803346686018482
-0.08175358110667358,-0.2720485054037881,0.19553186700334924,0.7863348741368147,0.1448153314456451
0.20761506172935704,0.96157104796962,0.39319280355906305,0.3761229661132534,-0.6740552154168986
0.08318048439932106,0.1783062630223025,0.38654838429426286,-0.15829479370633,0.5015916700938582
0.37586829167452934,1.0742905921381876,0.4421339042582721,-0.08772193503876331,0.3331194663828232
0.05181423617860202,0.3896123793424371,1.2492540195050537,-0.25715697654732256,-0.4582555425393804
-0.024715817640586328,0.01408030685674653,0.3765427111829606,0.18967550336816572,-0.5997072603740239
0.45576939885948065,0.8616330380504105,0.5674514250417761,-0.59267729486918,-0.2621583561255014
0.3132448077072981,0.4928263969560087,0.5218536889318306,0.6637555567764345,-0.2041454393892146
0.14141531712344663,0.33743742836810386,0.22199090718508266,-0.13245493508415662,-0.5465966339192004
0.07868066083320922,-0.23681775953377002,1.1983412889279554,0.6326107365258331,-0.3103850467481001
0.20493800289524908,0.36174251967852084,-0.5427560936665158,0.9068086610516936,0.3868739265834367
0.02936598827607427,-0.040352478491668384,0.34107814771166695,0.6358180229867956,-0.6692820575678996
0.6573691526953959,-0.12496807882543187,0.20739493469509662,0.2269459735589606,0.4314468073530884
0.037129724067295054,-0.5507636487009705,0.8247860669130136,-0.025795511832180682,0.33329953325073364
0.6825314333827983,0.0487465101310617,0.09301634909463774,-1.1319271423009003,1.2077437986576673
0.38338235511464464,-0.35695467459275315,0.6227662842337025,0.3383342171884738,0.7548707888449958
-0.34515697924578004,0.8437914310734378,0.07913897792990336,0.3640196528220417,-0.9452014576332043
-0.1646309849891575,-0.3232991354985094,0.9016390830000748,0.3659615625191225,0.44916347053037337
0.43167801277663204,0.6472271243846806,0.7319699098844146,0.1922322641665465,0.24656472704599822
0.195592680298431,0.6343771752234242,0.5292062031179687,-0.22712052279785241,-0.2710617219751938
0.1333189289472218,-0.37948268087610637,-0.15263032982205757,1.1195227155042162,0.4084852410621361
0.3036558004084615,0.15050500375909065,-0.15539332364086578,-0.5917431078790516,0.9160489507709331
0.22401671263702716,-0.2005068830046298,0.7294313264611985,-0.035474062251464024,0.9408603485392117
0.0712514369693575,0.8048209840498168,0.08975772525405816,0.08110471352061567,-1.1037312245494173
-0.037348893126921884,-0.6221773321255197,0.5556831022275789,0.11629595747777648,0.32200688519609877
0.4283637711851807,0.18267096039791583,0.8070339923591638,0.18203625889980515,0.5421618486285441
0.6316628746482531,0.8637640166657136,0.3136197877105193,-0.5546625474871026,0.5541078299526052
0.1104175211733245,0.13310931891260158,0.8217668958158917,-0.26536792995093683,0.7129409334754397
0.19098325626047455,0.8199065637208802,-0.8132847268844898,0.390467212829229,0.04035561265953028
0.3944790499845183,0.9561830145161794,-0.48948677966000187,-0.744613429229539,0.47648866249354205
0.13830771044944637,0.9133140501933155,0.26788554631562195,-0.5671255522996288,-0.14508894193280372
-0.09001097567676487,0.5396760387248623,-0.6139408581908911,0.562603364783817,0.022861000339807893
0.34936120013359007,0.8563603223188648,0.6147201301942001,-0.20119626934202456,-0.5150563129135638
0.10443037208145034,0.30101089945624193,0.36755164723090894,0.29988935992424504,-0.28013278452639406
0.125299510648533,-0.3068873683707434,0.9359351246396884,0.1584700749527589,-0.014130342838506556
0.3420727573571233,-0.6167439120054563,0.6610337590887091,-0.38677736343066255,1.2960359855754624
-0.06928054898041401,0.34636978560665316,0.34748510448279,0.9973868155373977,-0.6139324264680124
-0.11388559936949647,-0.5614128008459119,0.3237572095004752,0.6718290876739774,0.21024558039162364
-0.007801670713335941,0.05278599414193531,-0.2440029315968267,-0.11789199731097773,0.7082596065551272
0.2668710788268921,0.4821809759640367,0.23333904765226293,-0.052980883932607276,-0.40919494232248393
0.11897560893290125,-0.014624144603378988,-1.0140151644991857,0.7352921191096952,0.9225227924016594
0.08296642859847406,-0.17442744606827118,0.10391020874808705,0.4159571064773082,-0.2568373554468441
0.3732006450663176,0.35609843216202874,0.18711608763635051,-0.36653290145416095,-0.1378340195215024
0.5241505168550471,0.7353310685743646,-0.34165766201243486,-0.31437383113210443,-0.16642534112245375
0.24667072409579796,-0.7319950555468235,-0.4062297058764927,0.4582486771603821,0.6852108617127273
0.010943544979251624,0.056499513582849686,-0.41728359988039837,0.6609312031911516,0.1277355743919247
-0.04639713807526071,-0.17023564162316063,-0.16962203760398442,-0.23782659320686045,0.5320247627254691
-0.15264561452278677,0.0439313517061638,-0.09626415156803092,0.7128000243811248,0.06351800513971083
0.48843238235143766,-0.04576574154959038,-0.43088960088520084,-0.18598406553017127,1.3419603733249292
0.28307794722658786,0.4231865872715629,-0.4737666619368535,0.25049278634698385,0.18354810720843442
-0.002237670313292851,0.2735990614341755,0.9147980136748736,0.26966336243010164,-0.83330765618878
-0.04025243489358624,0.24138944772982857,-0.5423797380114224,0.296093462943282,-0.6434910673183307
0.2741390763275847,0.5918588781666254,0.5788189924349075,-0.3475286979045461,0.03150831826642849
-0.3310498875056927,-0.5304647725418163,0.3597867216574048,1.0256524377205396,0.1007662597460311
0.324457985152537,0.6053828681157053,-0.09688783347704964,-0.40822049115870307,0.10983855315840599
-0.14645563858203045,0.3562176995321782,0.33070216026966504,0.6726305260437676,-0.3806489519640039
-0.08648504929090885,0.2835654378436987,0.06970325204910054,0.5254437347846631,-0.5008117979581981
0.4707370151661945,0.4454882546844503,-0.37230625196382183,0.18309578552419564,0.66273319578362
0.15753173980588356,0.36006108786990765,-0.12391102491826135,0.5446410757215729,0.502883727124528
0.0482553971054115,-0.20700098591337135,0.10593322988849795,0.49501893815536574,-0.02033391018697493
0.5192539524842672,-0.0029209069571421355,0.7761199652007629,0.3508081170145138,0.39757071830901947
0.545575680029224,0.9784698851123378,-0.1285159546099028,-0.48027623252954793,0.3557929480580599
0.3708560472740993,0.5640404467657444,-0.06952688310191127,0.023558928738793856,0.30416245867515546
3.243553347483625e-05,-0.04183584512058765,-0.37338908356334105,0.8197566247800346,0.7353611314078432
0.1043923405645921,-0.1795083782679513,0.41321134900017753,-0.17689874526933533,0.7959036645987626
-0.07313176830420959,-0.5522500325450619,-0.2567701102774129,0.5138118194775911,0.5884754191233876
-0.14083228274815832,-0.11679568377141109,0.09303982579847103,1.1159261275424293,-0.06141316761780328
0.02466161530735478,0.9093812252723894,0.3974706541399882,0.4641669195720556,-0.6225344207610375
0.17821840109853632,0.12197295849810993,0.3799139700413806,0.40943404831807795,-0.12001871950208562
0.3868908924838695,-0.0712622244434637,0.7001970748820688,0.1603472564661018,0.3496294014080523
0.5201443699875236,0.19869122879681797,-0.07431458177702728,0.37980059172540387,0.9757893106659443
-0.1443060043993338,0.13116361794474476,-0.7596872462114934,0.4285932430623539,0.08493818678676025
0.6123652249676181,0.17318038360058238,0.16630625034477778,0.13039900499177332,0.871772834241804
0.416229753671868,0.44345822695780535,-0.21519611617601547,0.4317819317372271,0.05031820261915475
0.12584897630695577,0.5236262253610922,-0.15933396437811265,-0.23695500722873017,0.7417662058394762
0.2041516711897889,0.5559605611701282,0.21139284662087365,0.3282372581166388,-0.19033891751645576
0.505231042455366,0.004558561710930007,0.717749384424869,-0.37607643808869334,1.0484731170903743
0.15006714392782722,-0.1505444396079249,-0.09270713882139639,0.7819161687252151,0.2416182807347363
0.2900988947877037,0.2157039562720882,0.16861934519879498,0.05631661238256089,0.41727674730287667
0.480124778888311,0.0960109899689893,-0.015141431851197954,0.5876104202381099,0.9910758679527181
0.2559045481156523,0.34188114299086464,0.34636046602003795,-0.1265290557320066,-0.03830916800657893
0.25203665467021463,-0.3806226095150401,-0.5247877524158883,0.3914335402125139,0.5994933079725292
0.5484414170593886,0.9145927384566306,0.17941248808993657,0.25443123960748404,-0.28322793128480084
0.37311108956462014,0.5527697579303444,-0.23675693622685576,0.13582673087702085,0.4402355160827182
0.12734657373427738,0.13803823925489062,0.8846790191564069,-0.2099391688166549,0.07497474285733859
0.17651706444769502,-0.05008709191646803,-0.14333970802288884,0.2926951980489438,0.5538458327038269
0.03865578236041425,1.0132958496714484,0.13727081621962345,0.42529017387582585,-0.7231376467941262
-0.05065836803607597,-0.35167912448364774,-0.5997329192057912,0.6127080326743987,0.6983250563970073
0.0506316792220606,0.3364651322172542,-0.28379888090422933,0.2032549091990105,-0.33134529944480084
-0.058563454743075984,0.3995724332521779,-1.1095071887905625,0.3562501658350781,-0.13684511340627445
0.008197859197881272,-0.9208642594179546,-0.5027127678434733,0.9898463974182077,0.9701430902704317
-0.06206821444760286,0.021705863120357025,0.3636254773581429,0.738828943411239,-0.32916039825290166
-0.10501014632116402,-0.0011011300280817273,-0.04600837239127,0.501419480815398,-0.28879242001155797
0.6192577755103008,1.1783826579831365,0.10384273126236386,0.0010524843280957123,-0.42341748731205525
0.23653648260505303,0.7924612315553894,0.39011550153524244,0.5163388515992828,-0.8228509536394085
-0.007539717849457464,0.6112607503960845,0.589420963497837,0.10060519538692125,-0.6083994961324202
0.4799866771350603,0.1612668203452806,-0.20945070494112655,0.8277410436299997,0.08550908172928467
0.006978021158698252,0.44232948709949377,-0.8407540829477663,0.15086805403441697,0.4772448915549787
0.3910243134845859,0.7431634639607136,-0.12350359345769286,-0.30345734975855243,0.6589713262724317
-0.210245603546675,-0.6191089773487255,0.3774584870050376,0.4792409027730826,-0.010608209220127505
0.4579393109686228,0.6969462496143013,-0.8306851964519553,0.1534294635431009,0.4364091304834736
0.08406280304735911,1.1387554041251875,0.44750356263535723,-0.2440718792205487,0.159137252688936
-0.0379173680323798,0.7451420332673958,0.4444005733459747,-0.11289294739643671,-0.9359271721569224
0.22551123884733543,0.3032803705822019,-0.3416283312170743,0.6342168290250831,0.046457772379827324
0.39602183091432497,0.22657021897525997,0.9299025671652414,0.3127159221783461,-0.48153080601745163
0.02564837050207997,-0.8029478837383502,-0.1353405413823019,0.8592373065343275,0.4633852292075617
0.07475492297693148,-0.5143484247254394,0.17453379774688627,0.24794418958685857,1.0618106652726824
0.536397801742639,0.21122494986180604,0.12898616211737282,-0.19269045552181766,0.9180878161550617
0.11276735240790484,0.43340655257497074,0.43475984865789524,0.21241927940904723,-0.20343154842244562
-0.12250991479933336,-0.0738459850996354,-0.1459633061293666,0.8518177550092901,-0.11116019470707245
0.18794523256617995,0.7449945834608953,-0.1671914574768475,0.12765921158804666,-0.21559812006823967
0.02102217853548148,0.08784639477077595,0.5274086193626947,0.19081904076293865,-0.3282231114450474
-0.1802320452076608,0.22720384485472087,0.2726228781820787,-0.008528278012108046,0.37595357272320024
0.5318670481558978,0.6291351573093125,0.8262091740591688,-0.06391528653257668,0.13484113615616494
0.4247503167046759,0.37043775987056315,0.47368139450370783,-0.7604695026774523,0.8067811389504073
0.18892991676704785,0.29579877860841786,-0.07954825761347525,-0.3104813128026275,0.25576486456178577
0.23649731321192302,-0.00024162632082786966,0.6407709433714392,-0.5335744222535203,0.7967327345998917
-0.25325807447898474,-1.1685705441053134,0.6626310374358728,1.2420287885937509,0.41801848364075334
0.49773416392590625,-0.3155182694872575,-0.5907129168562287,0.4207421274896153,1.51186413623094
0.2724150724349427,-0.32547521169638716,0.2785906943087904,0.46420452743701895,0.06907016523915767
0.5780685886087905,0.29267847126691005,0.6389069676267817,-0.09275744057275201,0.6892747433539034
0.33821092747623127,-0.21080988319376545,0.8123450290016083,0.2832620684417434,0.6195908953608686
0.3522653615313855,0.7552217941243181,0.6108210294832732,-0.025184445597165192,-0.5822732524015334
0.3317549349573131,-0.34166107444994837,0.1665459236314138,0.5977461515944041,-0.03015836694886177
0.18126254432484654,-0.47279611245363784,0.9373884696781907,0.45419828991401756,-0.25393757948164863
0.571834042537594,0.02889706204072919,-0.06690734140491751,0.23833174489218448,0.7691873323398332
0.33553681040878575,0.6892558204535054,0.20369086890621674,-0.0817075616677389,0.13853228298619846
-0.11511537331748599,0.6854307452983969,-1.3048434543291032,1.0883491893283355,-1.0523455459986975
0.37876539970982603,0.45069723981084675,0.41952493809858526,-0.06841911652258752,-0.46301785990936356
0.4333315230339906,0.22239803912569547,0.2414954093215335,0.07240627577582623,0.36705380341466115
0.12443096130617845,2.3093493623017687,0.3333354577458994,-0.34116965551528816,-1.165838602261295
0.08878142506626188,0.5164359294524484,0.752467079472665,0.008124878514888538,-0.5813544565129614
0.45933481754400407,-0.8601860814063748,0.7263185168509863,0.6148042994785602,0.8748551894811971
0.4948037296019423,-0.4425676725612419,0.8692789637884442,-0.014239899952070825,1.3556093269585456
-4.024663852071009,-3.696544662473522,-3.1234182429793944,-4.438394458569912,-3.214442796693064
-4.051124872079126,-3.5380082490867837,-3.523622962171982,-4.064834387085859,-3.434295942377143
-4.217001720904839,-4.648248947889131,-4.386652293329649,-3.162309187746945,-2.238062303625888
-3.9554231233986354,-3.6216381105735374,-3.323369403076615,-4.106062935156244,-3.37708064439146
-4.4761353104444135,-3.8920234930583084,-4.1499001096591295,-3.7605920691344616,-3.450220944357457
-4.073056407131412,-3.550614716951119,-4.582370769813401,-3.8384857035032653,-3.7104989973101627
-4.344568241333287,-3.7001952125133704,-4.23999948112266,-3.856053992187526,-4.1280610737281975
-4.146803671864027,-3.3408198139766907,-3.8442696012961255,-4.036340288984426,-3.47431901398513
-3.8423693229916753,-2.979513936426721,-3.152362300630024,-4.8323571793963405,-3.942974024048466
-4.519814760597874,-4.307445811217625,-4.359579826999674,-4.442473949791753,-3.5935887645169524
-4.17723015696553,-3.610965331476557,-4.699107764545849,-3.9669805624233025,-3.0244486053271555
-3.9862102167625912,-3.142611007664718,-4.636437556108941,-4.284943111519634,-3.183878584425394
-4.381465051837523,-3.42113390220609,-3.1878164302079965,-3.8383138629690685,-4.2248886143171
-4.290270559007912,-3.917948677349119,-2.652026013151602,-3.94730661303351,-4.364676399907805
-4.011405398047985,-3.6643600025294654,-3.285314977618974,-4.278905913021256,-3.707499293349464
-4.764896088484646,-3.3432370077454374,-5.231925590159262,-3.5636109247152445,-4.155983865051279
-3.92999588591769,-4.628931993288443,-3.3894089446670663,-4.0603777333491005,-2.499125946215954
-4.095338947239109,-3.961815383200589,-3.931154320523808,-3.805014595823651,-4.3071315100847105
-4.273983622973472,-3.165253799505396,-3.758036349512223,-4.274517778698784,-4.295027317733933
-4.080415508836882,-3.429061155256465,-3.616076463204819,-4.008943145589295,-3.4144215248195797
-3.9930777805165536,-3.5061617237474514,-3.962010617745473,-4.314150907660172,-3.9306199113012483
-4.064828920831065,-3.5878459112964194,-3.7027320804732877,-4.062775043359151,-3.941546017757619
-4.273777878574463,-4.135670419698279,-3.113452314632646,-4.049687862634673,-3.886952129967603
-4.420880360355261,-3.1805133445680287,-3.8787754303452333,-4.203953527730486,-4.170706640440853
-4.0530387898753,-4.300768189045441,-3.1403008222856417,-3.617051260126957,-3.5747204116326365
-4.293624174911805,-3.7154239283596695,-4.267423289131063,-3.801677648405772,-3.4394947517111603
-3.9482777057391654,-3.655687889703746,-3.9715141553964433,-4.064829374936927,-3.751458567832597
-4.6823034764442815,-4.134387254817087,-3.4970180021777,-3.7633403302229,-4.2350068502715095
-4.040304703730337,-4.3020328954187645,-4.2504161689211495,-4.037851295873631,-2.7998758044560206
-4.341661072800582,-3.404154864473486,-4.036610970157145,-4.289267340538487,-3.5112310330472782
-4.373293517298894,-4.303722777739185,-3.4147128808704275,-3.5540562792164687,-3.7008110608854405
-4.553743765495478,-4.731278045239817,-4.765162657634292,-3.745516957652154,-3.2760702798874846
-4.381501695581118,-3.1390916784022016,-3.9148055451670936,-4.280235064989526,-4.061630961979991
-4.297504971723859,-3.823654163537202,-3.909983987564608,-3.8831312907565905,-3.794735254198046
-4.369004958958655,-3.736742162647105,-3.5077849667641057,-4.192754277928188,-4.003169787367279
-4.542868243511736,-3.5680588224727185,-3.810249476713169,-4.283355389187206,-4.213558285893891
-4.4680206624823375,-3.4208604370798414,-3.786549669905936,-3.6939814962596365,-4.2315061459272725
-4.323263174169288,-3.4902641756163235,-3.3222523381331728,-3.6495912394940477,-4.673395826427827
-4.594025237656328,-4.231258537071379,-4.215591192132948,-4.277881980482695,-3.1504272389520014
-3.9764162817312303,-3.4941011987193678,-3.893351893310869,-3.904086846662872,-3.2222180110351393
-4.473897982711539,-4.190364611227903,-2.888203676630848,-4.1983704486287134,-4.187492132874422
-4.0475578481004355,-4.054259170721515,-3.276438430697175,-4.153984006975266,-3.6913918689698635
-4.356262677158343,-3.0477894126684557,-3.66041869252517,-4.055904585753105,-4.279434405644988
-4.40187870150413,-4.2496995455198405,-3.832911963228077,-4.077283681061543,-3.5019815118607496
-4.431813060154041,-3.1993247993577656,-2.786355697675982,-4.94161708146234,-4.649674048149145
-4.1918620522276475,-3.6377136344388243,-3.251321983909713,-3.361821033507158,-3.8787145839760546
-4.247194680398593,-3.343281339365826,-4.2597403722451626,-3.947648104804961,-3.6433629681545785
-4.403567165070746,-3.425986628404917,-4.274603115678748,-3.9536588447892687,-3.9907768487435566
-4.441048546606987,-3.697859608046378,-4.1609780429262795,-3.634945434671909,-4.334075369045874
-4.210721618472685,-4.161971450184304,-3.392970363593143,-4.091954905202714,-4.217998965476892
